Name,Org,Pos,Current Level,FV,K%,BB%,BABIP,ISO,wOBA,wRC+,SwStr%,Strikes,Pitches,playerId
"Michael Perez","TBR","C","MLB","40",0.19784946,0.10322581,0.30392157,0.18248175,0.34795017460341093,105.85757921424764,0.09886364,1081,1760,"12977"
"Tyrone Taylor","MIL","CF","MLB","35+",0.18484501,0.06429392,0.30528053,0.20959596,0.3492256826169197,102.87456914580294,0.09936766,2157,3321,"13675"
"Anthony Alford","TOR","CF","AAA","40",0.27706186,0.08505155,0.34267241,0.13043478,0.3199460977892722,94.06273200633709,0.12508229,1955,3038,"14329"
"Yu Chang","CLE","SS","MLB","45",0.26342072,0.08739076,0.32783505,0.16197183,0.3286974871128648,101.75848785857512,0.11444479,1998,3233,"14773"
"Justin Williams","STL","LF","AAA","40",0.2258567,0.07788162,0.31990521,0.14383562,0.3247743241477274,97.70833691039509,0.11555737,1530,2449,"15490"
"Abiatal Avelino","SFG","2B","AAA","35+",0.18208661,0.05413386,0.32614555,0.15789474,0.3303044703534722,95.8737139748355,0.10949904,2373,3653,"15496"
"Reese McGuire","TOR","C","MLB","40",0.1873065,0.08978328,0.27891156,0.11150443,0.2985210418701172,80.18361088104903,0.08908297,1488,2290,"15674"
"Kean Wong","TBR","2B","AAA","40",0.22222222,0.08134921,0.37142857,0.14048672,0.35065024047045856,113.95156669095273,0.10111801,2493,4025,"15994"
"Mike Gerber","SFG","RF","-1","35+",0.29312425,0.07358263,0.34883721,0.23701731,0.356894041923975,110.76090590928007,0.14971928,2044,3206,"16115"
"Michael Hermosillo","LAA","RF","AAA","40",0.27980922,0.09062003,0.32173913,0.2181146,0.35142583103898245,104.35228430477451,0.1338141,1537,2496,"16285"
"Nick Ciuffo","CIN","C","AAA","35+",0.2673031,0.07159905,0.32342007,0.13246753,0.301124583849759,81.98582889606625,0.1236246,1019,1545,"16291"
"Nick Gordon","MIN","2B","MLB","40",0.19120879,0.05714286,0.31921331,0.12559809,0.3126287601961948,89.7226994457877,0.12210593,2126,3153,"16337"
"Domingo Leyba","ARI","2B","MLB","40",0.14485981,0.07827103,0.31437599,0.17503217,0.3509036156169155,107.68353270753013,0.09531717,1925,3011,"16404"
"Sergio Alcantara","DET","SS","MLB","40",0.18943743,0.10332951,0.32778702,0.05620915,0.30789242107464376,93.03906575594007,0.07464871,2114,3416,"16417"
"Thairo Estrada","NYY","SS","MLB","40",0.19705882,0.04117647,0.28861789,0.15047022,0.2978056516717462,74.50935341633104,0.10925771,789,1199,"16426"
"Jason Martin","PIT","RF","AAA","40",0.20667384,0.07965554,0.32171157,0.1575179,0.33018404557374725,99.73038384364439,0.09985975,2256,3565,"16429"
"Mauricio Dubon","SFG","SS","AAA","45",0.13323124,0.04594181,0.32868526,0.18494272,0.3553626654502408,103.60128404694512,0.10413943,1570,2295,"16530"
"Jason Vosler","SDP","3B","MLB","35+",0.26145833,0.09895833,0.32857143,0.22340426,0.36090082546760294,114.04779810831769,0.11784425,2429,3878,"16686"
"Joshua Fuentes","COL","3B","MLB","40",0.21603128,0.04496579,0.35252809,0.19202518,0.34833129428715365,102.5779748042248,0.13116592,2424,3568,"16885"
"Lane Thomas","STL","CF","AAA","40+",0.24345848,0.09328783,0.31775701,0.21410256,0.3563192506472632,111.76341210407972,0.09012132,2131,3462,"16939"
"Derek Hill","DET","CF","MLB","40",0.28162816,0.07810781,0.32780847,0.12054121,0.3102702866406807,97.3394846550135,0.1397188,2215,3414,"16947"
"Gavin Cecchini","NYM","2B","AAA","35+",0.18666667,0.07333333,0.31775701,0.12592593,0.32180954565937886,99.3723089672883,0.0790546,801,1227,"17005"
"Edmundo Sosa","STL","SS","MLB","40",0.19308943,0.03963415,0.32374101,0.16243094,0.33160852004320196,92.74990851977344,0.14902304,2408,3429,"17022"
"Monte Harrison","MIA","CF","AAA","50",0.34652278,0.08273381,0.36682243,0.1628533,0.331627941088556,101.17900182208885,0.17333735,2096,3323,"17216"
"Jorge Mateo","OAK","CF","MLB","45",0.26394052,0.05390335,0.34236805,0.17165668,0.3153504263887654,80.03096077829922,0.14813883,2713,3976,"17273"
"Alex Jackson","ATL","C","AAA","40+",0.32963989,0.07202216,0.27371274,0.228482,0.32181593008930065,94.46698588446621,0.17201365,1872,2930,"17276"
"Bobby Bradley","CLE","1B","MLB","40",0.3003992,0.10179641,0.29111531,0.2700565,0.35730952768018787,117.09942292040003,0.16517056,2396,3899,"17278"
"Willi Castro","DET","SS","MLB","45",0.20934579,0.06635514,0.3462069,0.14656965,0.339831464507158,104.60361603038791,0.1194459,2563,3826,"17338"
"Kelvin Gutierrez","KCR","3B","MLB","40",0.21309524,0.08452381,0.34042553,0.13060686,0.3364689152155604,99.7629225640616,0.12220149,2015,3216,"17468"
"Troy Stokes Jr.","MIL","LF","AAA","35+",0.25107296,0.12017167,0.29158879,0.17870722,0.33954727604873197,104.26526860006497,0.13503254,2246,3688,"17478"
"Kevin Kramer","PIT","2B","AAA","45",0.24923077,0.08307692,0.36704731,0.1703107,0.3547036530551655,118.13525033123713,0.12724393,2492,3788,"17689"
"Skye Bolt","OAK","CF","AAA","40",0.24799082,0.10907003,0.32755299,0.20421608,0.3556034205003919,111.2450346080364,0.11249293,2164,3538,"17723"
"Chris Shaw","SFG","1B","AAA","40",0.27899344,0.06564551,0.33834586,0.25598086,0.369297129739272,121.11764362898303,0.17506631,2216,3393,"17738"
"Braden Bishop","SEA","CF","AAA","40",0.19085174,0.0977918,0.32938389,0.15495495,0.35229515764448377,110.2597890899849,0.0974611,1491,2442,"17806"
"Drew Jackson","LAD","SS","AAA","35+",0.25658807,0.10540915,0.29468599,0.15772357,0.3247102069553365,91.38330055694514,0.12522171,1728,2819,"17807"
"Luis Alexander Basabe","CHW","CF","AA","45",0.27951807,0.11686747,0.35042735,0.14985994,0.34583960834225697,116.36715773408888,0.11579572,2004,3368,"17839"
"Tyler Nevin","COL","1B","AAA","45",0.17450366,0.10344828,0.32724505,0.15995261,0.36331278297691666,129.84254626109174,0.10180305,2196,3605,"17893"
"Brendan Rodgers","COL","SS","MLB","55",0.18769716,0.07097792,0.32093023,0.21265377,0.3698178943476851,123.81389854288958,0.11135759,1442,2254,"17907"
"Tyler Stephenson","CIN","C","MLB","50",0.19434194,0.10086101,0.31471136,0.13428571,0.34880803569490687,119.81676878495387,0.09199206,1833,3022,"17988"
"Jake Cronenworth","TBR","SS/RHP","MLB","35+",0.15081967,0.10273224,0.3277439,0.13266583,0.35265482774849144,115.00979720245631,0.04993141,2193,3645,"18036"
"Sam Haggerty","NYM","2B","MLB","40",0.24254743,0.14498645,0.34660422,0.13014827,0.34864044705262554,119.55462952048445,0.10662252,1768,3020,"18054"
"Garrett Stubbs","HOU","C","MLB","40",0.15826087,0.1026087,0.32098765,0.14970059,0.34855971403172054,103.03210110791962,0.10351563,1285,2048,"18067"
"Austin Allen","SDP","C","AAA","45",0.19221106,0.0741206,0.33270677,0.259362,0.3912979056952726,134.85574860444896,0.11503835,1930,2999,"18083"
"LaMonte Wade Jr","MIN","LF","MLB","40",0.14925373,0.14466131,0.28301887,0.1160221,0.3397255795637217,108.05514700819371,0.05825243,2078,3605,"18126"
"Edwin Rios","LAD","1B","MLB","40",0.33503185,0.07643312,0.38875306,0.24928775,0.36721006622704705,113.38167994765747,0.17444089,2049,3130,"18316"
"Daz Cameron","DET","CF","MLB","45",0.27212806,0.10734463,0.32520325,0.15200869,0.32991973613366893,98.79504040228083,0.10907403,2631,4309,"18353"
"Lewin Diaz","MIA","1B","AAA","45",0.18125771,0.05302096,0.26896552,0.20427236,0.33757326477062627,114.30116079350717,0.10954185,1934,2903,"18365"
"Ryan Mountcastle","BAL","LF","MLB","50",0.21304791,0.0509684,0.35598227,0.19474836,0.36236008447128326,118.77400348410504,0.1503344,2411,3439,"18373"
"Travis Blankenhorn","MIN","2B","MLB","40",0.2406639,0.06327801,0.31089744,0.1723356,0.335798401070239,111.54968369626614,0.1604637,2154,3278,"18395"
"Joe McCarthy","SFG","LF","AAA","40+",0.28282828,0.13333333,0.27067669,0.17590362,0.31981349810205323,92.71498149327591,0.08294501,1284,2146,"18399"
"Ke'Bryan Hayes","PIT","3B","MLB","60",0.176,0.102,0.32561505,0.15005727,0.34811396796499666,110.54024701874337,0.06735484,2362,3875,"18577"
"Jared Walsh","LAA","1B/LHP","MLB","35+",0.26819541,0.11964108,0.35634328,0.3041958,0.4143409474492073,147.95674287229787,0.11488634,2502,4091,"18607"
"Ramon Urias","STL","2B","MLB","40+",0.18607764,0.09236948,0.32193159,0.18501529,0.3612216310199059,112.79142651421792,0.09996588,1800,2931,"18795"
"Jahmai Jones","LAA","2B","AAA","45",0.20217588,0.10607434,0.28940217,0.11514523,0.31160215098245053,93.25269582833202,0.122571,2452,4014,"18872"
"Seby Zavala","CHW","C","MLB","40",0.29840849,0.07824934,0.30607477,0.19940916,0.3272878030408915,98.69490836522826,0.16430976,1932,2970,"18887"
"Danny Mendick","CHW","SS","MLB","40",0.17111316,0.11315547,0.29436039,0.15698925,0.3464313143392588,110.23283280241439,0.07688829,2737,4422,"18889"
"Leody Taveras","TEX","CF","AAA","45+",0.18744626,0.09028375,0.32112332,0.09134615,0.31665594538329783,95.11962360641047,0.10063752,2770,4392,"18900"
"Estevan Florial","NYY","CF","MLB","45+",0.28148148,0.10666667,0.36020151,0.14190317,0.3455661757336999,117.3563319701775,0.1488189,1580,2540,"19151"
"Corey Ray","MIL","CF","AAA","40",0.3161435,0.09753363,0.31041667,0.20780856,0.3337266422984565,103.36075051537014,0.18780006,2241,3541,"19170"
"Zack Collins","CHW","1B","MLB","40+",0.28507795,0.18151448,0.33638444,0.20926967,0.3787383443163864,132.90561211025516,0.11402597,2122,3850,"19181"
"Jake Fraley","SEA","LF","MLB","40+",0.19359534,0.08733624,0.36819172,0.22899506,0.4048581090238359,149.7083506830703,0.09050684,1538,2486,"19260"
"Will Craig","PIT","1B","-1","40",0.2479638,0.07782805,0.29569094,0.19301848,0.3349627489840455,101.40897194651441,0.12740775,2717,4309,"19267"
"Adolis Garcia","STL","CF","MLB","35+",0.26959248,0.03761755,0.29391892,0.25529543,0.33278160007836305,91.30592668333342,0.16844227,2371,3473,"19287"
"Randy Arozarena","STL","CF","MLB","40",0.1908867,0.08743842,0.36137667,0.19258203,0.3914168597008131,133.41423479249892,0.0878187,1960,3177,"19290"
"Nick Solak","TEX","2B","MLB","50",0.20825336,0.1084453,0.32608696,0.20289855,0.37841061210403076,131.0934205717463,0.09443387,2552,4204,"19294"
"Eli White","TEX","2B","MLB","40",0.2358403,0.09749304,0.36011905,0.15392781,0.354294069423232,109.85556812498743,0.11345889,2722,4354,"19346"
"DJ Peters","LAD","CF","AAA","40+",0.32667877,0.09618875,0.32600733,0.22046414,0.3539329219903868,113.9180752681428,0.17550274,2740,4376,"19348"
"Sean Murphy","OAK","C","MLB","55",0.17805383,0.09937888,0.31875,0.23333333,0.38372936875934643,130.37172783493952,0.07824541,1039,1687,"19352"
"Luke Raley","MIN","1B","AAA","40",0.25528914,0.0606488,0.35046729,0.19872814,0.36761867688096733,124.81948764080616,0.15939127,1638,2497,"19354"
"Austin Hays","BAL","RF","MLB","45",0.21134752,0.04539007,0.26899384,0.19667171,0.3166815545409918,92.44172281342253,0.13669065,1691,2502,"19363"
"Jake Rogers","DET","C","MLB","40+",0.26863572,0.10970464,0.27735369,0.2102649,0.342141910293008,110.57855261646885,0.12529874,1777,2929,"19452"
"Kyle Lewis","SEA","RF","MLB","45",0.27159091,0.09545455,0.33771107,0.14649682,0.32825324614029017,101.78347573318153,0.14317611,2242,3583,"19508"
"Andrew Knizner","STL","C","MLB","50",0.12996942,0.07798165,0.31818182,0.14629948,0.3548532620760111,109.9197220312621,0.08060905,1435,2233,"19514"
"Andrew Young","ARI","2B","MLB","40",0.19750719,0.07670182,0.31007752,0.22818792,0.3894136618672079,139.49710022198565,0.11785534,2481,3954,"19521"
"Jaylin Davis","SFG","RF","MLB","35+",0.25507246,0.10531401,0.36106489,0.21389196,0.38611119719384945,139.15787450078037,0.1503006,2419,3992,"19552"
"Zack Short","CHC","SS","MLB","40+",0.26564496,0.1532567,0.3,0.18335901,0.35208958547848923,116.08664287831462,0.10769708,1857,3222,"19562"
"Keibert Ruiz","LAD","C","AAA","60",0.07189542,0.07320261,0.26484751,0.11143271,0.31965914665870465,94.70389058677092,0.058622,1680,2627,"19610"
"Luis Barrera","OAK","CF","AAA","40",0.1755102,0.07210884,0.36753731,0.1497006,0.36203647100762143,122.8546054178257,0.09537338,1610,2464,"19615"
"Brent Rooker","MIN","1B","AAA","40+",0.28857479,0.10836278,0.34273319,0.22252374,0.370665111299384,128.6447413652956,0.14710253,2095,3365,"19627"
"Jack Kruger","LAA","C","AAA","40",0.18002466,0.06781751,0.32482993,0.09311741,0.31903405330973883,98.05283709624308,0.09299236,1924,3011,"19634"
"Sheldon Neuse","OAK","3B","MLB","40+",0.27711942,0.08021878,0.38473054,0.16349047,0.34564772983791625,99.64121400530183,0.13863135,2985,4530,"19635"
"Daniel Johnson","CLE","CF","MLB","45",0.21829522,0.07796258,0.34018987,0.18509895,0.3574197221948311,119.14319163696288,0.13821138,2259,3444,"19643"
"Edward Olivares","SDP","CF","AAA","40",0.17761989,0.06394316,0.31795511,0.1609421,0.3439502285379687,111.53023629146556,0.10407346,2800,4247,"19698"
"Ronnie Dawson","HOU","CF","AAA","40+",0.28284855,0.09528586,0.30357143,0.17431192,0.33371106731422495,105.16885449614252,0.13711289,2509,4004,"19710"
"Abraham Toro","HOU","3B","MLB","40",0.17840376,0.11267606,0.32382311,0.19541485,0.38392986736055146,137.2051624922764,0.09872688,2609,4163,"19844"
"Riley Adams","TOR","C","AAA","40",0.26213592,0.11650485,0.33898305,0.14835948,0.35350539526220076,125.61128178236358,0.10994293,2048,3329,"19864"
"Emmanuel Rivera","KCR","3B","MLB","40",0.14609053,0.05658436,0.29920213,0.11148272,0.3124906835536306,92.08489157528784,0.0946854,2153,3274,"19890"
"Pavin Smith","ARI","1B","MLB","40",0.12462908,0.11473788,0.2928475,0.15585893,0.35511205676529145,121.42196651323599,0.06590101,2215,3657,"19892"
"Connor Wong","LAD","C","AAA","40+",0.31361607,0.078125,0.36831276,0.23697271,0.3756306554352105,131.3362615052149,0.16810842,2225,3468,"19896"
"Gavin Sheets","CHW","1B","MLB","40",0.17578125,0.10351563,0.32440056,0.1309656,0.3550193404080346,122.4405743190137,0.09358622,2445,4007,"19901"
"Anderson Tejeda","TEX","SS","AA","45+",0.28449502,0.09388336,0.33088235,0.1728,0.3454728051701218,113.41095836468797,0.14879406,1711,2695,"19909"
"Jesus Sanchez","MIA","RF","MLB","50",0.20146905,0.06820567,0.32078313,0.14449541,0.3353203853807951,107.80326590947894,0.12247839,2254,3470,"19913"
"Daulton Varsho","ARI","C","MLB","50",0.1674938,0.08933002,0.32971014,0.20224719,0.3910066530627398,145.4653913663969,0.08894879,1857,2968,"19918"
"Ryan McKenna","BAL","CF","MLB","45",0.19856887,0.1118068,0.33472222,0.13778706,0.35669406049366326,125.59336323361848,0.11855795,2530,4133,"19928"
"Cristian Pache","ATL","CF","AAA","60",0.21179884,0.06092843,0.33977901,0.15833333,0.3430963298921919,114.75193964991533,0.13754348,2463,3737,"19948"
"Andres Gimenez","NYM","SS","AAA","50",0.19735504,0.05595117,0.32296296,0.1322691,0.3322911381967797,110.71173326789572,0.11515481,2516,3682,"19950"
"Khalil Lee","KCR","RF","AAA","45",0.26632124,0.12849741,0.36612022,0.11642157,0.3506253725401825,117.04841299644647,0.12249208,2290,3788,"19952"
"Gavin Lux","LAD","2B","MLB","60",0.18147087,0.11270296,0.38505747,0.2247557,0.4192933765636093,156.3059079658591,0.08147405,2391,3989,"19955"
"Mickey Moniak","PHI","CF","AAA","40+",0.21775026,0.05675955,0.32058824,0.15144767,0.3229288490942723,105.36796781394584,0.13943291,2314,3421,"19956"
"Carter Kieboom","WSN","SS","AAA","60",0.1986692,0.11977186,0.34323923,0.17569061,0.37624121767129365,124.63601113597753,0.09602328,2489,4124,"19958"
"Taylor Trammell","SDP","LF","AAA","55",0.23282051,0.12820513,0.32659933,0.1212485,0.3434066159297258,115.68778321466961,0.14125376,2202,3653,"19960"
"Bobby Dalbec","BOS","3B","MLB","45",0.28506787,0.12579186,0.30265487,0.25997842,0.38423717603318347,142.14406224208884,0.14806726,2771,4579,"19966"
"Jared Oliva","PIT","CF","MLB","40+",0.20291363,0.08532778,0.3400936,0.13404508,0.3501962707602503,123.53993631977437,0.10016648,2321,3604,"19968"
"Isaac Paredes","DET","3B","MLB","50",0.12998102,0.10246679,0.29868421,0.15494506,0.3636022480948343,132.28393143785058,0.05248425,2575,4287,"20036"
"Jorge Ona","SDP","LF","MLB","40",0.26510721,0.08576998,0.33974359,0.15098469,0.33365398657042533,103.29055018043802,0.14377682,1187,1864,"20040"
"Luis Robert","CHW","CF","A+","55",0.23847167,0.05270092,0.37888199,0.24092889,0.4026647592787699,150.6286191651524,0.18322381,1780,2587,"20043"
"Evan White","SEA","1B","MLB","50",0.20920502,0.08472803,0.35534591,0.17112922,0.3686675024482439,127.29810700493152,0.10864745,2239,3608,"20078"
"Dylan Carlson","STL","LF","MLB","50",0.19245283,0.11320755,0.30746706,0.2006579,0.3703442660687994,130.19886712369157,0.11383455,2590,4243,"20126"
"Brandon Marsh","LAA","CF","MLB","50",0.25468904,0.11846002,0.36867863,0.13235294,0.3511221606143663,118.8105570836696,0.08327138,2392,4035,"20202"
"Jo Adell","LAA","RF","AAA","65",0.26214834,0.07928389,0.36808511,0.22396576,0.38477086623509726,137.27416389603042,0.14324052,1867,2981,"20220"
"Gilberto Celestino","MIN","CF","MLB","40",0.16293532,0.08208955,0.32302405,0.12845304,0.35285126880164747,118.6658558797312,0.08737177,1747,2827,"20233"
"Mario Feliciano","MIL","C","CPX","45",0.3028065,0.06499261,0.34183673,0.18137255,0.34460277239481607,114.58359788267678,0.19043948,1692,2594,"20263"
"Jonathan Arauz","HOU","2B","AAA","40",0.1682243,0.08930426,0.27259475,0.14153132,0.3206536735718449,98.21121424922325,0.08236229,2383,3776,"20275"
"Ben Rortvedt","MIN","C","MLB","40",0.19465082,0.09806835,0.3010989,0.12794613,0.3289449243488426,106.69071968064394,0.11372064,1513,2427,"20287"
"Stuart Fairchild","CIN","CF","MLB","40",0.21574642,0.09406953,0.32436709,0.15887851,0.35546077957172845,124.88553313297564,0.12785891,2268,3629,"20321"
"Alex Kirilloff","MIN","RF","MLB","50",0.16666667,0.06893004,0.36221591,0.18827509,0.39580601281192707,150.3210481332943,0.1059563,2179,3341,"20325"
"Luis Gonzalez","CHW","RF","AAA","45",0.17810761,0.08812616,0.31926121,0.15183246,0.34950079152750413,120.3246802642152,0.0853804,2603,4193,"20332"
"Ernie Clement","CLE","SS","MLB","40",0.07491857,0.07491857,0.29868421,0.07402913,0.3208632476374294,101.86862989696398,0.04412719,2037,3082,"20352"
"Luis Garcia","WSN","SS","AAA","50",0.15314494,0.0437557,0.31929825,0.09365854,0.30771569550257327,95.16152107170264,0.11306043,2412,3591,"20391"
"Jazz Chisholm Jr.","MIA","SS","MLB","55",0.30865485,0.09489051,0.31976744,0.23149236,0.3608222301734749,126.26376959418764,0.15697231,2486,3937,"20454"
"William Contreras","ATL","C","AAA","50",0.20400943,0.0754717,0.32649573,0.12581063,0.3324815554821745,111.54270755983364,0.13887086,2015,3082,"20503"
"Nick Madrigal","CHW","2B","MLB","55",0.02978723,0.07234043,0.31096563,0.08917197,0.35362468151835336,119.70738391783449,0.02517361,1466,2304,"20521"
"Vidal Brujan","TBR","2B","AAA","55",0.13203685,0.10235415,0.33933518,0.12703963,0.37167480891189497,134.75956044927045,0.0678015,2118,3466,"20536"
"Jose Devers","MIA","2B","MLB","45",0.13204225,0.0528169,0.33705357,0.06130268,0.32036124484788886,103.05057513719912,0.09625963,1243,1818,"20540"
"Nico Hoerner","CHC","2B","MLB","50",0.096,0.08266667,0.31986532,0.13056379,0.3653397636413574,129.9614808200583,0.06152648,843,1284,"21479"
"Trevor Larnach","MIN","RF","MLB","50",0.21140473,0.10848401,0.37634409,0.16082803,0.3896516625697796,147.37425085523415,0.12027869,1641,2727,"21501"
"Jonathan India","CIN","3B","MLB","50",0.22126437,0.125,0.31325301,0.15570934,0.3621289668916967,128.70522586102723,0.1140125,1613,2719,"21523"
"Joey Bart","SFG","C","AAA","55",0.20848057,0.06007067,0.3172043,0.2475822,0.3857534598711329,140.69322917927715,0.11078575,1321,2049,"21524"
"Cal Raleigh","SEA","C","MLB","40+",0.21513353,0.09643917,0.28199052,0.24625624,0.3698233513910496,128.65477335128944,0.12958333,1526,2400,"21534"
"Kyle Isbel","KCR","RF","AAA","45",0.20411985,0.08052434,0.33977901,0.17184265,0.3621232893185141,121.57820045167274,0.09974555,1240,1965,"21614"
"Alec Bohm","PHI","3B","MLB","50",0.13753582,0.09885387,0.31547619,0.18078176,0.38316280840114614,146.94375418846892,0.07534247,1528,2482,"21618"
"Nick Maton","PHI","SS","MLB","40",0.20390456,0.10086768,0.31862745,0.12919254,0.3335399493852555,113.79346901039274,0.10564765,2213,3559,"21635"
"Rafael Marchan","PHI","C","AAA","40+",0.10160428,0.07308378,0.30921053,0.0627451,0.3181558990307912,101.73271850359639,0.078564,1235,1922,"21646"
"Sherten Apostel","TEX","3B","CPX","45+",0.24216524,0.13105413,0.31513648,0.18686869,0.3741310335632063,131.09772734342693,0.12020649,1618,2712,"21794"
"Rodolfo Castro","PIT","2B","AA","40",0.25028185,0.06426156,0.28291815,0.18952619,0.3191505902835301,103.23461108898104,0.15057681,2175,3294,"21987"
"Akil Baddoo","MIN","CF","MLB","40",0.25154321,0.13271605,0.30526316,0.17689531,0.3468951551489128,116.98375498948093,0.13630929,1498,2509,"22168"
"Sam Huff","TEX","C","AA","40+",0.30403309,0.05791107,0.33574007,0.21573033,0.3548976144522986,124.82946498326685,0.17795637,2340,3484,"22209"
"Luis Campusano","SDP","C","AAA","50",0.12970169,0.0920882,0.33797909,0.14369501,0.3758528666626492,132.4892676252265,0.10734463,1690,2655,"22217"
"Taylor Walls","TBR","SS","MLB","45",0.16510903,0.1152648,0.33482143,0.1498801,0.37042240769012164,133.86938006201942,0.06203008,2207,3724,"22458"
"Jarred Kelenic","SEA","CF","MLB","55",0.21438083,0.1011984,0.34100418,0.22624434,0.3959936435308342,142.9587212576165,0.11269147,1647,2742,"22558"
"Alejandro Kirk","TOR","C","AAA","40+",0.0974026,0.14448052,0.32882883,0.18604651,0.4200720306899812,158.84596921748653,0.05258583,1342,2301,"22581"
"Geraldo Perdomo","ARI","SS","AA","50",0.1468254,0.14417989,0.34257426,0.10517799,0.38263939943746506,136.2907326745103,0.08208955,1596,2680,"22799"
"Tucupita Marcano","SDP","SS","AAA","45+",0.08232119,0.0877193,0.32160804,0.06880734,0.3471216350671531,113.8588139171308,0.04766228,1395,2203,"22871"
"Jose Barrero","CIN","SS","AAA","45+",0.20123839,0.04540764,0.31725146,0.12528216,0.32409198376798876,104.21098512029674,0.12909661,2336,3509,"23378"
"Wander Franco","TBR","SS","MLB","70",0.0703125,0.10807292,0.33607908,0.1874063,0.41768554578588896,156.8810037587264,0.04816797,1482,2429,"23667"
"Jarren Duran","BOS","CF","MLB","45",0.2,0.07045455,0.40257649,0.12468828,0.37592908859252927,139.6708782770385,0.1119716,1969,3099,"24617"
"Ryan Jeffers","MIN","C","MLB","45",0.18481375,0.1017192,0.34490239,0.15763547,0.3882912513519768,142.32758817883297,0.0857248,1698,2718,"24618"
"Owen Miller","SDP","SS","AAA","40",0.14269663,0.07303371,0.34534535,0.13416149,0.3653997668015782,127.69891955714662,0.07634506,2172,3327,"24655"
"Andrew Vaughn","CHW","1B","MLB","50",0.15510204,0.12244898,0.31097561,0.17073171,0.3851150130739017,141.29395201689815,0.09288991,541,872,"26197"
"Seth Gray","MIN","3B","A+","35+",0.2189781,0.10948905,0.26219512,0.20512821,0.35116513708935065,113.48272817340606,0.11359223,615,1030,"sa1115752"
"Dominic Fletcher","ARI","RF","AA","40",0.20920502,0.09205021,0.39622642,0.14485981,0.39457358011213534,147.31478016602142,0.11328976,585,918,"sa1115778"
"Kyle Stowers","BAL","RF","AA","45",0.23245614,0.0877193,0.2585034,0.16176471,0.31537706130429316,102.14723660760482,0.13450292,532,855,"sa1115829"
"Carter Bins","SEA","C","AA","40",0.27722772,0.16336634,0.27173913,0.14935065,0.3712778625511887,127.49847067637012,0.10824108,451,813,"sa1115884"
"Michael Massey","KCR","2B","A+","35+",0.14583333,0.06770833,0.29787234,0.12716763,0.337615533336919,104.84477033190983,0.09615385,447,676,"sa1115910"
"Nick Kahle","MIL","C","A+","40",0.22485207,0.12426036,0.29126214,0.21232877,0.3538087983808574,110.58029612120806,0.10014728,411,679,"sa1115979"
"Kyle McCann","OAK","1B","AA","40",0.348,0.12,0.30327869,0.19266055,0.33623123288633355,112.00898763053306,0.1673428,586,986,"sa1159677"
"Rece Hinds","CIN","RF","A","40",0.3,0.2,0,0,0.1477780222892761,-11.516797114096306,0.13888889,19,36,"sa1169587"
"Matthew Lugo","BOS","SS","A","45",0.23030303,0.09090909,0.33962264,0.06944445,0.3280446917001455,97.44980959844514,0.23778502,233,307,"sa1169598"
"Tyler Callihan","CIN","3B","A","45",0.21008403,0.04201681,0.31176471,0.17857143,0.3277459587870526,98.50371677979598,0.13829787,547,846,"sa1169610"
"Marcus Smith","OAK","CF","CPX","40",0.24369748,0.16806723,0.50724638,0.08247423,0.43676714876950795,155.8777318015819,0.2248062,164,258,"sa1169620"
"Ivan Johnson","CIN","2B","A","35+",0.21904762,0.08571429,0.30882353,0.15957447,0.3367628763263352,104.32213123019687,0.11345646,483,758,"sa1169627"
"Yan Contreras","CIN","SS","A","35+",0.29761905,0.16666667,0.22727273,0.07246376,0.271210273816472,58.45897260962528,0.32795699,128,186,"sa1169894"
"Chandler Redmond","STL","2B","A+","35+",0.25943396,0.11792453,0.34482759,0.26519337,0.4131602057308521,151.15014192807956,0.16786571,498,834,"sa1170749"
"Evan Mendoza","STL","3B","AAA","40",0.18610422,0.06947891,0.33046472,0.08276798,0.3137038866430521,91.67903766743117,0.10461049,2116,3145,"sa3002836"
"Alexander Campos","OAK","2B","A","35+",0.33333333,0.13095238,0.20454545,0.05633803,0.2300129390898205,38.82889249826837,0.27878788,119,165,"sa3002852"
"Christopher Morel","CHC","3B","AA","40",0.23446894,0.04408818,0.31764706,0.13882863,0.3185258378886213,95.8751650921343,0.15526676,1005,1462,"sa3003171"
"Marcos Brito","OAK","2B","A+","40",0.24946695,0.10447761,0.2852349,0.05769231,0.2753369155992022,71.88705026581948,0.09921962,1124,1794,"sa3003183"
"Yunior Severino","MIN","2B","A","45",0.2607362,0.07361963,0.3236715,0.15100671,0.3271782876895024,91.79430010017485,0.15587967,719,1097,"sa3003185"
"Ivan Herrera","STL","C","AA","40+",0.19144603,0.10386965,0.35802469,0.12796208,0.38118620502705475,136.55949473404021,0.08849558,1046,1695,"sa3003191"
"Freudis Nova","HOU","SS","A+","45",0.19517544,0.04605263,0.32634731,0.12616823,0.3314646713827786,103.61354978611828,0.16261398,912,1316,"sa3003195"
"David Garcia","TEX","C","A+","40",0.20058997,0.08849558,0.33333333,0.1320132,0.34935370141160704,112.54711365398518,0.15892673,653,969,"sa3003197"
"Debby Santana","CIN","3B","A","35+",0.24918033,0.04262295,0.33980583,0.14930556,0.3341667348224866,98.90179142614294,0.29026217,445,534,"sa3003210"
"Jordan Diaz","OAK","3B","A+","40",0.1399177,0.07613169,0.29395604,0.14678899,0.35065255640459453,118.94617405678304,0.13719736,909,1363,"sa3003221"
"Gabriel Moreno","TOR","C","AA","40+",0.11417323,0.05708661,0.31725888,0.20869565,0.39497743882680597,142.86127846553302,0.08616505,1096,1648,"sa3003226"
"Jhon Torres","STL","RF","A+","40+",0.25888325,0.1142132,0.35682819,0.18529412,0.3867852094814862,134.23780118630276,0.17037037,780,1215,"sa3003233"
"Luis Mieses","CHW","CF","A","40",0.1862069,0.02528736,0.27164179,0.11084337,0.26819336977422514,59.35592626259945,0.17329545,809,1056,"sa3003274"
"Abiezel Ramirez","TBR","SS","A","40",0.17489712,0.1090535,0.34346505,0.1216545,0.37958773431559856,126.47333336467764,0.23308271,627,931,"sa3003282"
"Oswald Peraza","NYY","SS","AA","40",0.17256637,0.07743363,0.30745342,0.07462686,0.3177689928437548,95.00775647204544,0.11514393,1003,1598,"sa3003305"
"Alexander Canario","SFG","RF","A","45+",0.2769556,0.09936575,0.36742424,0.24029126,0.4100831555107893,147.88884438406419,0.20059657,868,1341,"sa3003316"
"Wenceel Perez","DET","SS","A+","45",0.1577575,0.08344198,0.30457746,0.09275362,0.31706010084353525,95.92556729038775,0.0848723,1645,2545,"sa3003326"
"Pablo Abreu","MIL","CF","A","40",0.28125,0.10336538,0.30612245,0.13774104,0.3066331990983238,79.04742374487343,0.15456506,884,1391,"sa3003329"
"Deury Carrasco","HOU","SS","A+","35+",0.32244898,0.08163265,0.32867133,0.0896861,0.28361660828355884,73.9012849617465,0.16931983,477,691,"sa3003330"
"Jean Carmona","BAL","3B","A","35+",0.27671233,0.06849315,0.3173913,0.11111111,0.29257384761349187,76.48291934583962,0.17408585,819,1258,"sa3003340"
"Cash Case","CIN","2B","-1","35+",0.21630094,0.0846395,0.30097087,0.11913357,0.3144092523862445,82.57956610208043,0.11455642,757,1161,"sa3004042"
"Gabriel Arias","SDP","SS","AAA","40+",0.2729064,0.06502463,0.3599374,0.14055794,0.33100043709252064,103.3728914768115,0.19225488,2517,3641,"sa3004047"
"Tirso Ornelas","SDP","LF","A+","45+",0.21780987,0.11191336,0.29357798,0.0946502,0.3032109793545543,84.90164540717512,0.08845127,1858,2996,"sa3004048"
"Lenyn Sosa","CHW","SS","A+","35+",0.1668682,0.04111245,0.30914826,0.11711711,0.3102544098369126,89.73698662261401,0.10447252,1982,2929,"sa3004051"
"Austin Beck","OAK","CF","A+","45",0.26970033,0.05993341,0.37521222,0.11672683,0.3248600730376196,99.7814232649085,0.14465805,2146,3173,"sa3004055"
"Ryan Costello","MIN","1B","AA","40",0.22653722,0.13807983,0.28363636,0.1956798,0.3613924578718237,128.2754285076482,0.11870794,2174,3715,"sa3004071"
"Nick Pratto","KCR","1B","AAA","45",0.31119921,0.09316155,0.33682373,0.14269912,0.3180871174803802,100.45761867746712,0.14611194,2564,4038,"sa3004138"
"MJ Melendez","KCR","C","AA","40+",0.34567901,0.0976431,0.29824561,0.19820972,0.3171289908859107,99.68143322016068,0.21305556,2289,3600,"sa3004139"
"Bubba Thompson","TEX","CF","AA","45+",0.29780034,0.07445008,0.34195402,0.14794008,0.32159522723178474,103.03644969168957,0.15985631,1423,2227,"sa3004140"
"Chris Seise","TEX","SS","A+","40+",0.35869565,0.0326087,0.38181818,0.11494253,0.2846658210391584,80.22601081126643,0.17682927,229,328,"sa3004142"
"Jeisson Rosario","SDP","CF","AA","45+",0.21223709,0.14627151,0.33488372,0.0773672,0.3351746413481328,106.32283767337645,0.09233744,2420,4137,"sa3004146"
"Johnathan Rodriguez","CLE","CF","A","35+",0.23667377,0.09168443,0.34653465,0.14832536,0.35750936188249505,122.33204743450632,0.17595308,908,1364,"sa3004147"
"Jordy Barley","SDP","SS","A","35+",0.30076628,0.07088123,0.3171521,0.15189873,0.3159793103131715,92.02913382770045,0.20206585,1096,1549,"sa3004148"
"Agustin Ruiz","SDP","RF","A+","35+",0.26675427,0.10512484,0.35205184,0.11951589,0.33662314950555994,106.59827271808703,0.17347726,1659,2594,"sa3004149"
"Blake Hunt","SDP","C","A+","40",0.19806763,0.09983897,0.32048193,0.11851852,0.3392879631141243,110.73294463514569,0.08737864,1492,2472,"sa3004153"
"Brewer Hicklen","KCR","CF","AA","35+",0.28726877,0.09031556,0.36883629,0.18969849,0.3747460560484247,136.83580580568315,0.15965167,2154,3445,"sa3004159"
"Rylan Bannon","BAL","3B","AAA","35+",0.20113314,0.12370161,0.31689088,0.19205298,0.3686253163173343,131.00959889407366,0.10695569,2515,4198,"sa3004162"
"Ryan Vilade","COL","SS","AAA","45",0.17053571,0.09375,0.33806452,0.13043478,0.35152608573816385,119.69146763721024,0.08404593,2587,4093,"sa3004256"
"Cal Mitchell","PIT","LF","AA","45",0.25404858,0.07388664,0.33757962,0.15100671,0.33503522619210535,114.63670671755585,0.11179296,2408,3748,"sa3004258"
"Royce Lewis","MIN","SS","AA","65",0.1880109,0.07356948,0.30462725,0.147,0.3345498627217958,111.0596576664625,0.10449129,2781,4364,"sa3004259"
"Livan Soto","LAA","SS","A+","40",0.13307241,0.11154599,0.28759894,0.04494382,0.30513698202219364,82.18128780728324,0.06791171,1096,1767,"sa3004264"
"Otto Lopez","TOR","SS","AA","35+",0.1215847,0.08196721,0.35575221,0.11908397,0.3758844232296845,133.5990682399171,0.07529773,1680,2603,"sa3004268"
"Sam McMillan","DET","C","A","35+",0.19639279,0.14829659,0.27609428,0.06313132,0.3289206405760537,105.63015960023866,0.09968354,1119,1896,"sa3004277"
"Canaan Smith-Njigba","NYY","LF","AA","40",0.22889843,0.13304721,0.35581395,0.14975041,0.37084498050911674,136.25080578532655,0.09960422,1801,3032,"sa3004279"
"Drew Waters","ATL","CF","AAA","55",0.25116713,0.06349206,0.39886846,0.16514691,0.3669788326615485,132.11882731962046,0.1497218,2634,3954,"sa3004378"
"Israel Pineda","WSN","C","A+","40",0.22986577,0.0704698,0.29040404,0.09647496,0.2960139111310494,87.13306767790877,0.14344828,1402,2175,"sa3004385"
"Hagen Danner","TOR","C","A+","35+",0.29504505,0.10585586,0.26033058,0.18586387,0.32117436617208284,93.93989073096458,0.17964072,1049,1670,"sa3004501"
"Conner Uselton","PIT","RF","-1","40",0.17714286,0.06857143,0.27480916,0.025,0.2589882666724069,45.9959456765682,0.11850649,394,616,"sa3004502"
"Jeter Downs","LAD","2B","AAA","50",0.19830028,0.10576015,0.30621302,0.1978142,0.3705641625613568,129.66575846783425,0.11609564,2507,4057,"sa3004615"
"Drew Ellis","ARI","3B","AAA","40",0.21720881,0.12067156,0.28499157,0.17761557,0.34269035901843,112.6988878178363,0.09476955,2329,3862,"sa3004687"
"Jacob Gonzalez","SFG","3B","CPX","35+",0.18496538,0.06923838,0.27285513,0.11563876,0.30097470204350496,90.98652573290488,0.12770251,2330,3469,"sa3004691"
"Heliot Ramos","SFG","RF","AAA","50",0.25944842,0.07865169,0.34280936,0.16819222,0.34729994986145224,119.05050286833249,0.12657888,2406,3721,"sa3004693"
"Mark Vientos","NYM","3B","AA","50",0.21368715,0.08240223,0.31144068,0.17214397,0.3513696474236483,114.67758252145185,0.14243542,1720,2710,"sa3004720"
"Nick Allen","OAK","SS","AA","40+",0.16309524,0.07380952,0.31107492,0.09358289,0.3134411937660641,92.3256909103932,0.08744993,1930,2996,"sa3004723"
"Tyler Freeman","CLE","SS","AA","45+",0.0884434,0.04009434,0.34927536,0.12319791,0.3854994724546482,142.57168396181024,0.04018658,1833,2787,"sa3004755"
"Quentin Holmes","CLE","CF","A+","35+",0.34504132,0.08264463,0.26136364,0.09699769,0.25056841276987957,54.27111535026088,0.16839803,1218,1829,"sa3004776"
"Jake Holmes","PHI","3B","A-","35+",0.2295082,0.0852459,0.30940594,0.06666667,0.2937058130439544,82.87407979302719,0.13099357,1307,2023,"sa3004815"
"Justin Connell","WSN","RF","A+","35+",0.14548239,0.10719755,0.29166667,0.06557377,0.31681539106593587,99.40187609055724,0.06941924,1415,2204,"sa3004884"
"Mason Martin","PIT","1B","AA","40",0.31763527,0.12825651,0.31364562,0.24352941,0.37467234530041565,133.62829366182302,0.17358866,2448,4021,"sa3004885"
"Lamar Sparks","BAL","CF","A","40",0.25833333,0.11666667,0.34246575,0.03846153,0.3164134239157041,89.78861397365385,0.19502075,173,241,"sa3004932"
"Tristen Lutz","MIL","RF","AA","45+",0.28163265,0.09387755,0.33216783,0.17013889,0.3445612349232566,114.73862603130496,0.14801255,2417,3824,"sa3004968"
"Je'Von Ward","MIL","RF","A+","40",0.23631124,0.11383285,0.34459459,0.09656301,0.32804277250287156,97.14355909909672,0.12663429,1677,2677,"sa3004969"
"Greg Deichmann","OAK","RF","AAA","35+",0.30633803,0.09859155,0.29022082,0.17425743,0.311518884880442,90.05062793241015,0.13268032,1421,2246,"sa3004977"
"Eddy Diaz","COL","2B","A","35+",0.125,0.0975,0.37123746,0.11815562,0.3930434533051255,133.37673979481792,0.11170213,597,940,"sa3004979"
"Adam Hall","BAL","SS","A+","40+",0.22151899,0.07848101,0.38627451,0.09197081,0.36136504196332003,129.6915576383518,0.11142454,1816,2836,"sa3005077"
"Jacob Amaya","LAD","SS","AA","40+",0.17406963,0.15366146,0.33210332,0.12879884,0.3721523447209094,127.9224086113012,0.05475681,1871,3269,"sa3005081"
"Nelson Velazquez","CHC","LF","A+","40",0.28650904,0.07371349,0.34712644,0.15068493,0.3312605796160398,104.4400733548444,0.15323496,1686,2643,"sa3005129"
"Danny Lantigua","CIN","RF","A","40",0.40855107,0.04750594,0.32394366,0.18622449,0.2891733406555085,74.0149473302062,0.30987124,867,1165,"sa3005239"
"Ezequiel Duran","NYY","2B","A+","40",0.27734375,0.06640625,0.29032258,0.17849462,0.32548651769903075,99.4423512547523,0.12831389,1214,1886,"sa3005271"
"Diosbel Arias","TEX","SS","AA","40",0.200492,0.10824108,0.37659963,0.10155148,0.3628189237765324,126.55977427593953,0.09487603,1865,3025,"sa3005308"
"Joe Dunand","MIA","3B","AAA","35+",0.23529412,0.07135969,0.30029586,0.11605206,0.30718696140436735,92.26492334116239,0.15032175,2540,3885,"sa3005360"
"Fadriel Cruz","COL","2B","DSL","35+",0.20813397,0.16028708,0.3229572,0.05247813,0.34582294678861236,102.21799238149804,0.2719715,526,842,"sa3005476"
"Carlos Rodriguez","MIL","CF","A+","40",0.0974478,0.03016241,0.3543956,0.08780488,0.3615524484732441,114.79174068990226,0.13956171,669,867,"sa3005478"
"Jose Tena","CLE","SS","A+","35+",0.17505995,0.05035971,0.38412698,0.10621762,0.37292178900693534,119.94414917744288,0.28244275,531,655,"sa3005482"
"Roberto Chirinos","NYY","SS","A","35+",0.21927711,0.04578313,0.30313589,0.125,0.31176882435158254,87.5594040562758,0.20680394,784,1117,"sa3005484"
"Larry Ernesto","MIL","RF","CPX","35+",0.35466667,0.05866667,0.33333333,0.12463768,0.29801850424375353,76.62838469285744,0.42481203,644,798,"sa3005485"
"Miguel Hiraldo","TOR","3B","A","40",0.14471243,0.07050093,0.3398533,0.15991903,0.37841267955790664,127.11069931350403,0.16052227,890,1302,"sa3005486"
"Adrian Hernandez","NYM","CF","CPX","40",0.18604651,0.05980066,0.31188119,0.13688213,0.36963514109452567,119.89142655120685,0.29124236,373,491,"sa3005487"
"Keyber Rodriguez","TEX","SS","A","35+",0.19181586,0.0971867,0.30566038,0.15204679,0.35083506597104924,107.27190538865494,0.2951049,521,715,"sa3005488"
"Antoni Flores","BOS","SS","A","40+",0.24814815,0.12592593,0.31137725,0.06837606,0.3079188068707784,92.21950567763413,0.13636364,558,902,"sa3005489"
"Fabian Pertuz","CHC","3B","A","40",0.16216216,0.0977131,0.36982249,0.12048193,0.3960227466277996,133.5034767503315,0.23466981,585,848,"sa3005500"
"Gilberto Jimenez","BOS","CF","A","40",0.14498141,0.05947955,0.39467312,0.10590631,0.3974951213765367,144.83732351851145,0.16320475,972,1348,"sa3005507"
"Jhon Solarte","TOR","RF","CPX","35+",0.18199234,0.12068966,0.35428571,0.08823529,0.37653689626997583,124.53736903155318,0.21989529,644,955,"sa3005510"
"Alexfri Planez","CLE","RF","A","35+",0.20945946,0.03378378,0.33009709,0.20363637,0.3808191244885073,125.81183502665166,0.38302277,399,483,"sa3005515"
"Andres Melendez","MIL","C","A","40",0.13043478,0.10248447,0.30252101,0.10108304,0.3510324591045439,107.21581059751549,0.17520661,409,605,"sa3005523"
"Jorge Barrosa","ARI","CF","A+","40",0.1375,0.08928571,0.30806846,0.09836066,0.3529645090452887,111.75050622325216,0.12561061,935,1433,"sa3005524"
"Randy Florentino","TEX","C","A","40",0.21749409,0.18439716,0.35390947,0.17313433,0.4135764444158191,143.7936012122548,0.27252252,541,888,"sa3005529"
"Juan Pie","PIT","RF","-1","40",0.19268293,0.12439024,0.31439394,0.14825581,0.3716123325777759,121.79745439300949,0.26042984,528,791,"sa3005531"
"Edgardo Rodriguez","TBR","C","A","35+",0.10245902,0.05327869,0.35078534,0.15740741,0.4194811168030947,148.9867354227426,0.17582418,276,364,"sa3005532"
"Luis Toribio","SFG","3B","A","40",0.23224568,0.18809981,0.36785714,0.18491484,0.43040267194692905,153.70310626194586,0.23178227,671,1139,"sa3005541"
"Neyfy Castillo","ARI","1B","A","40",0.24016563,0.09730849,0.30065359,0.1031175,0.31710388090299524,87.58763737570486,0.25796813,708,1004,"sa3005544"
"Daniel Castillo","MIL","SS","CPX","35+",0.20108696,0.09782609,0.27530364,0.03785489,0.2853216723753856,68.97414709144653,0.24678663,547,778,"sa3005545"
"Jhoan Paulino","OAK","SS","CPX","40",0.24407583,0.06872038,0.3202847,0.09921671,0.3061399921846162,80.92693078764641,0.35294118,610,765,"sa3005563"
"Federico Polanco","NYM","2B","A","35+",0.16766467,0.09381238,0.29972752,0.08,0.31921156398757905,87.65224452644105,0.2702381,624,840,"sa3005571"
"Miguel Marte","NYY","SS","DSL","35+",0.20209059,0.06271777,0.28780488,0.13076923,0.3138923304421561,87.07499444705068,0.28778468,382,483,"sa3005573"
"Angel Rojas","NYY","SS","CPX","35+",0.25628141,0.09798995,0.36032389,0.16239316,0.373219347329595,121.92941239608768,0.31406045,561,761,"sa3005578"
"Liover Peguero","ARI","SS","A+","45+",0.19512195,0.07560976,0.36426117,0.12834225,0.3601003220895442,116.3409940064658,0.1237785,788,1228,"sa3005582"
"Alberto Figuereo","TBR","2B","CPX","40",0.14824121,0.10050251,0.33098592,0.07374631,0.3581333597197787,113.20458898201424,0.20059435,470,673,"sa3005583"
"Raimfer Salinas","NYY","CF","CPX","40",0.24886878,0.06334842,0.31884058,0.12244898,0.337116766029893,102.44555742546642,0.31794872,309,390,"sa3005597"
"Julio Carreras","COL","SS","A","40+",0.18537415,0.0952381,0.34920635,0.17959184,0.3943908100542815,134.46948061865191,0.14498382,994,1545,"sa3005598"
"Keithron Moss","TEX","CF","A","40+",0.29059829,0.15954416,0.37016575,0.1024735,0.3647788498326496,115.64195559523105,0.30789826,495,747,"sa3005599"
"Antonio Cabello","NYY","CF","A","45",0.26410835,0.10383747,0.33969466,0.15803108,0.3525609459195818,112.6716276033993,0.1835536,879,1362,"sa3005600"
"J.P. Martinez","TEX","CF","AA","45",0.28784119,0.10545906,0.34216336,0.17923187,0.35659021740387264,121.47357616979964,0.15516108,1932,3042,"sa3005607"
"Ronaiker Palma","COL","C","A","40",0.07915567,0.05013193,0.30625,0.05475505,0.32151102368036905,89.4213895590001,0.09173127,531,774,"sa3005624"
"Andy Pages","LAD","RF","A+","40+",0.23217923,0.11201629,0.30152672,0.3042394,0.4304598659885173,157.11060020596835,0.16097561,916,1435,"sa3005625"
"Heriberto Hernandez","TEX","RF","A","40+",0.21353066,0.17336152,0.38132296,0.31481481,0.49330963665765815,190.320444455901,0.22993062,615,1009,"sa3005630"
"Julio Rodriguez","SEA","RF","AA","50",0.18649518,0.08842444,0.37947494,0.21206581,0.4259699557096727,162.64786074373035,0.17126437,1141,1740,"sa3005720"
"Juan Querecuto","SEA","SS","A","40",0.2386059,0.09919571,0.31034483,0.07453417,0.3207230405227558,90.27584730557474,0.26720648,525,741,"sa3005721"
"Adanson Cruz","STL","RF","CPX","35+",0.22073579,0.1270903,0.37634409,0.1314741,0.3982111333205947,135.89318501482552,0.32173913,387,575,"sa3005722"
"Joerlin De Los Santos","STL","CF","CPX","35+",0.1284153,0.13661202,0.36538462,0.10784314,0.41102813237922015,143.15509585052152,0.1921875,419,640,"sa3005723"
"Cristian Heredia","SDP","CF","CPX","35+",0.25240385,0.11057692,0.32806324,0.12568306,0.3478644018849501,105.49473719325796,0.26872771,591,841,"sa3005731"
"Carlos Aguiar","MIN","LF","CPX","35+",0.29285714,0.10714286,0.28205128,0.16806723,0.3210836788163568,91.15106356576698,0.36263736,203,273,"sa3005755"
"Alexander Ovalles","TEX","1B","A","35+",0.175,0.10625,0.35874439,0.15658363,0.389699545858791,130.9790403643035,0.13595934,508,787,"sa3005781"
"Johan Rojas","PHI","CF","A","40+",0.14233577,0.05839416,0.33729216,0.1307847,0.3681690263879168,123.67725649125993,0.13920705,809,1135,"sa3005784"
"Pedro Martinez","CHC","2B","A+","40",0.19305857,0.10845987,0.39032258,0.11166253,0.3923576162471813,133.43471002228188,0.19923372,686,1044,"sa3005795"
"Brayan Rocchio","CLE","SS","A+","50",0.12588652,0.06205674,0.3233945,0.11568627,0.35945680009702524,122.01023516955459,0.11500701,952,1426,"sa3005898"
"Anthony Garcia","NYY","RF","CPX","40",0.40248963,0.11618257,0.34285714,0.25238096,0.3560837175556805,113.68546907266855,0.33653846,438,624,"sa3005924"
"Victor Nova","CLE","3B","A+","35+",0.2,0.1761194,0.32,0.08679245,0.3636798449873564,114.54707588004969,0.18631732,419,687,"sa3006075"
"Madison Santos","NYY","CF","CPX","35+",0.22891566,0.10843373,0.31034483,0.20218579,0.367385268787255,119.52446424298769,0.18334735,754,1189,"sa3006206"
"Osleivis Basabe","TEX","SS","A","35+",0.11557789,0.07788945,0.37261146,0.10481586,0.3934833505237945,132.13410353446,0.19290123,476,648,"sa3006594"
"Seth Beer","ARI","1B","AAA","45",0.19518072,0.08554217,0.33139535,0.2140845,0.40543440176244205,155.1637240612486,0.10413929,1905,3044,"sa3006658"
"Tyler Frank","TBR","2B","A+","45",0.14186851,0.14532872,0.29842932,0.10043668,0.36531298672039203,131.24529566051632,0.09502262,642,1105,"sa3006660"
"Ross Adolph","HOU","CF","AA","35+",0.2679558,0.11325967,0.33333333,0.1742671,0.3626746362175684,127.78007054229933,0.13923586,1666,2722,"sa3006666"
"Gage Canning","WSN","CF","AA","40",0.28237129,0.07956318,0.33591731,0.13541666,0.320280929031612,100.71405733421287,0.17588158,1511,2297,"sa3006711"
"Nick Fortes","MIA","C","AA","35+",0.144,0.096,0.24727273,0.08,0.28872690645853677,82.63775438511348,0.05939005,771,1246,"sa3006714"
"David Fry","MIL","C","AA","35+",0.18615752,0.09427208,0.30948122,0.20272109,0.37430577283854677,127.5971277760538,0.12577792,1960,3053,"sa3006787"
"Kendall Simmons","PHI","SS","A","35+",0.26415094,0.09119497,0.2716763,0.2443609,0.37692318284322346,136.58431550093675,0.15585673,667,1033,"sa3006867"
"Joe Perez","HOU","3B","AA","35+",0.26315789,0.06698565,0.23846154,0.16666666,0.29623794842224854,88.77060190857104,0.13186813,475,728,"sa3006868"
"Devin Mann","LAD","2B","AA","35+",0.20704225,0.11549296,0.31707317,0.16885246,0.36231408463397496,123.08140618194427,0.09839064,1643,2734,"sa3006869"
"Cal Stevenson","HOU","CF","AA","35+",0.11558442,0.17272727,0.35687732,0.11568939,0.40747674984913296,151.49148990602262,0.04076819,1670,2968,"sa3006871"
"George Valera","CLE","CF","A+","50",0.27118644,0.1440678,0.28346457,0.19696969,0.36159204878705614,129.36989627412765,0.132116,553,931,"sa3006872"
"Lawrence Butler","OAK","RF","A","35+",0.38550725,0.12753623,0.32716049,0.10738255,0.2951092220734859,84.37973584810169,0.20994941,766,1186,"sa3006873"
"Trey Harris","ATL","LF","AA","35+",0.15579228,0.08521971,0.36672968,0.16236723,0.4013472450659579,154.25560254092855,0.11045779,1559,2381,"sa3006876"
"Micah Bello","MIL","CF","CPX","40",0.23655914,0.09677419,0.29957806,0.13897281,0.31952070884627476,90.52816048247053,0.18270165,687,1029,"sa3006883"
"Kristian Robinson","ARI","CF","A","50",0.26325411,0.10603291,0.35759494,0.19287212,0.3883146876162225,135.58281976810787,0.15156695,1107,1755,"sa3006884"
"Trent Deveaux","LAA","CF","CPX","40+",0.33901919,0.10660981,0.33877551,0.12926829,0.3193981010776593,88.82667433390942,0.30084349,770,1067,"sa3006885"
"Jelfry Marte","TBR","SS","CPX","40",0.2242268,0.06185567,0.3129771,0.04885058,0.28337288434736996,70.53310154046922,0.17023445,717,981,"sa3006886"
"Ronny Mauricio","NYM","SS","A+","55",0.18508655,0.04793609,0.32263815,0.10473458,0.312469805533381,94.08064526137387,0.13098464,1534,2214,"sa3006887"
"Luis Verdugo","CHC","SS","A","40",0.2,0.08571429,0.2972028,0.1233244,0.32645229670069487,93.1709063003873,0.26302083,573,768,"sa3006888"
"D'Shawn Knowles","LAA","CF","A","40+",0.25966851,0.09944751,0.35843373,0.14947368,0.3469016248990339,104.49914103337412,0.15917704,1150,1847,"sa3006889"
"Leo Jimenez","TOR","SS","A","40",0.1521197,0.09226933,0.33333333,0.08215297,0.34110402792692185,106.21269367803646,0.0971867,769,1173,"sa3006891"
"Alek Thomas","ARI","CF","AA","50",0.18251928,0.09768638,0.37777778,0.14285714,0.387968256396632,137.15225042462745,0.12261995,1648,2626,"sa3006892"
"Jordan Groshans","TOR","3B","AA","50",0.19141914,0.09240924,0.36714976,0.14869888,0.38890357163086187,136.26078917647862,0.12109863,525,801,"sa3006893"
"Anthony Seigler","NYY","C","A+","45",0.18604651,0.15813953,0.27205882,0.05113636,0.3108040074878764,89.3534524516042,0.06821282,427,733,"sa3006894"
"Ji-hwan Bae","PIT","SS","AA","40",0.17481203,0.10902256,0.38108108,0.09846827,0.3717852380741706,133.525327593016,0.08639187,1104,1771,"sa3006895"
"Miguel Vargas","LAD","3B","AA","40",0.15101523,0.09898477,0.3642732,0.13314037,0.38163867543331353,133.52433788628787,0.09628085,1829,2877,"sa3006896"
"Reivaj Garcia","CHC","2B","CPX","40",0.17445483,0.05919003,0.33193277,0.04761905,0.3094781561742855,84.55609164654855,0.21105528,453,597,"sa3006900"
"Carlos De La Cruz","PHI","CF","CPX","35+",0.34345048,0.06070288,0.34943182,0.125,0.3032191758529066,88.77730577657397,0.22838581,1396,2001,"sa3006903"
"Richard Palacios","CLE","2B","AA","40",0.14210526,0.1,0.39855072,0.17751479,0.4396223269010845,174.13051969999188,0.07518797,418,665,"sa3006908"
"Jonathan Ornelas","TEX","SS","A+","40+",0.21333333,0.09925926,0.33634312,0.12820513,0.3484613728027287,117.09164366585738,0.10060189,1454,2326,"sa3006909"
"CJ Alexander","ATL","3B","AA","40",0.22486772,0.12962963,0.33613445,0.11111111,0.3420449241678766,106.87417224435625,0.12014925,839,1340,"sa3006912"
"Jeremy Eierman","OAK","SS","AA","40",0.3015873,0.06349206,0.29072165,0.14839572,0.29220768160485694,79.26610813580501,0.15606204,2088,3159,"sa3007005"
"Tanner Dodson","TBR","RHP/CF","A+","40+",0.1533101,0.08013937,0.31162791,0.09689923,0.3282395119451064,107.87078334678345,0.08745247,676,1052,"sa3007008"
"Josh Stowers","NYY","CF","AA","40",0.25568182,0.14346591,0.36616162,0.13504273,0.3676918326956885,132.05158255864072,0.12199373,1675,2869,"sa3007010"
"Alfonso Rivas","OAK","1B","AAA","35+",0.205,0.13,0.36470588,0.1211226,0.36995332565630695,128.92377588984337,0.07813465,1965,3238,"sa3007014"
"Jake McCarthy","ARI","CF","AAA","40+",0.19914347,0.0856531,0.35220126,0.14251207,0.3579691243886437,120.48306609101796,0.12020138,999,1589,"sa3007015"
"Nolan Gorman","STL","3B","AAA","55",0.29007634,0.10050891,0.34324943,0.22077922,0.37612421964776926,132.10614080089422,0.15374801,1963,3135,"sa3007017"
"Xavier Edwards","SDP","2B","AA","50",0.10449735,0.09920635,0.36734694,0.07099698,0.37071362145827463,128.7415694716884,0.04813047,1553,2514,"sa3007018"
"Frainyer Chavez","TEX","SS","A+","35+",0.18494272,0.09819967,0.33568075,0.07249071,0.3287246252837354,104.27773528557141,0.11672746,1250,1919,"sa3007019"
"Davis Bradshaw","MIA","CF","A","35+",0.16473318,0.04640371,0.36477987,0.05912597,0.3380695804243996,108.2429329094738,0.11301637,909,1283,"sa3007031"
"Everson Pereira","NYY","CF","A","45",0.33463035,0.07392996,0.35135135,0.11392405,0.3001918878536744,76.19724034775005,0.19833853,635,963,"sa3007034"
"Greyson Jenista","ATL","RF","AA","40+",0.25203252,0.10433604,0.31590414,0.12055641,0.317370037696093,100.08360714805427,0.12929799,1755,2792,"sa3007044"
"Jameson Hannah","CIN","CF","AA","45",0.21805792,0.08006814,0.355,0.09659091,0.3287489763269686,103.14227349040758,0.10555815,1350,2141,"sa3007046"
"Grant Witherspoon","TBR","RF","A+","35+",0.22068966,0.08551724,0.30290456,0.14263803,0.3274941949758622,98.67265243887347,0.13931145,1641,2498,"sa3007047"
"P.J. Hilson","SFG","CF","CPX","40+",0.36697248,0.0795107,0.3190184,0.13888889,0.3041517937475918,80.59424040330126,0.42836676,546,698,"sa3007048"
"Jawuan Harris","SDP","CF","A+","35+",0.29890454,0.14397496,0.31464174,0.14285714,0.3431808531661577,111.42129698116683,0.15377574,1327,2185,"sa3007049"
"Mateo Gil","STL","SS","A","35+",0.25647059,0.08705882,0.33707865,0.11548556,0.32790509097716386,97.95702009980431,0.15416323,822,1213,"sa3007050"
"Jayce Easley","TEX","SS","A","35+",0.23152709,0.16748768,0.37190083,0.03592814,0.35299038887023926,112.08960575987308,0.19157088,327,522,"sa3007057"
"Willie Joe Garry Jr.","MIN","CF","A","35+",0.28253968,0.07301587,0.28494624,0.11151079,0.28767958245216274,73.43658472359421,0.14852492,646,983,"sa3007065"
"George Bell","SFG","CF","CPX","35+",0.21005917,0.0887574,0.31004367,0.08026756,0.3137915417419343,86.78244370471212,0.19605078,510,709,"sa3007067"
"Luis Garcia","PHI","SS","A","45+",0.21518987,0.08298172,0.29875519,0.08188976,0.29554686262654856,83.14218184100106,0.09622144,1447,2276,"sa3007295"
"DaShawn Keirsey","MIN","CF","A+","35+",0.23529412,0.12456747,0.28648649,0.064,0.28304166636533207,67.65524712453376,0.11754538,709,1157,"sa3007301"
"Travis Swaggerty","PIT","CF","AAA","50",0.2310757,0.10491368,0.32700422,0.12462006,0.33710166042850864,116.06318193080006,0.11399509,1715,2851,"sa3007512"
"Triston Casas","BOS","1B","AA","50",0.23762376,0.11683168,0.30100334,0.22170901,0.3714604775506662,136.74324102428525,0.13266762,1292,2103,"sa3007634"
"Nick Schnell","TBR","CF","A","45",0.32522796,0.10334347,0.38547486,0.17241379,0.3522395103349598,113.74744755859135,0.24463119,707,1071,"sa3007639"
"Nicholas Northcut","BOS","3B","A","40",0.28395062,0.08888889,0.30612245,0.09166666,0.29248459297831697,82.06502168135553,0.19410319,816,1221,"sa3007640"
"Terrin Vavra","COL","2B","AA","40+",0.15644172,0.13496933,0.35697941,0.16942909,0.4015431079166329,154.3792951441299,0.09053156,1448,2408,"sa3007643"
"Jeremiah Jackson","LAA","3B","A","45",0.32157676,0.08091286,0.32539683,0.2983683,0.37800441552494574,124.29730050893471,0.20377129,1069,1644,"sa3007740"
"Blaze Alexander","ARI","SS","A+","40+",0.21592649,0.11179173,0.35679612,0.15370706,0.3784590792253705,130.36705215861767,0.15750436,1415,2292,"sa3007742"
"Grant Lavigne","COL","1B","A","40+",0.21556122,0.14413265,0.34680851,0.11609907,0.363879007361542,122.64310162726045,0.09852375,1822,3116,"sa3007743"
"William Holmes","LAA","RHP/CF","CPX","40",0.29166667,0.10714286,0.37234043,0.07692308,0.33801137726931346,101.90309948407102,0.29682997,252,347,"sa3007744"
"Brandon Howlett","BOS","3B","A+","40",0.28505393,0.12942989,0.34285714,0.15313653,0.3557557894534002,122.63939052683139,0.14808437,1419,2323,"sa3007745"
"Rylan Thomas","CIN","1B","-1","40",0.23430962,0.17573222,0.2890625,0.22395833,0.3881422763658782,124.18817059624708,0.11188811,485,858,"sa3007824"
"Nick Meyer","NYM","C","AA","35+",0.16793893,0.06870229,0.23208191,0.04189944,0.23848600430256875,49.60493728464781,0.08845888,904,1447,"sa3007826"
"Wilderd Patino","ARI","CF","A","40+",0.2310231,0.09570957,0.38624339,0.0952381,0.3713091097004786,119.16416548999153,0.25465839,450,644,"sa3007874"
"Ryder Green","NYY","RF","A","40",0.29226361,0.10315186,0.32989691,0.18421052,0.3509760820080011,112.46081955919134,0.20035778,726,1118,"sa3007875"
"Brennen Davis","CHC","CF","AA","45+",0.18115942,0.10144928,0.35195531,0.17521368,0.40740250910285614,152.9110598734581,0.1338766,541,859,"sa3007876"
"Jack Herman","PIT","RF","A","35+",0.23880597,0.108742,0.35815603,0.18719211,0.3902989324716735,143.57244734370852,0.14344262,923,1464,"sa3007877"
"Parker Meadows","DET","CF","A+","40+",0.23606557,0.09344262,0.29533679,0.10634328,0.30888043952938726,90.72604330892635,0.1237067,1419,2223,"sa3007943"
"Will Banfield","MIA","C","A+","40",0.28324698,0.06217617,0.2729805,0.11954459,0.27908034985547236,71.95413306862206,0.18387262,1315,1947,"sa3007973"
"Kody Clemens","DET","2B","AAA","40",0.21265141,0.09959623,0.29690722,0.16486903,0.33855120696349517,115.72251052273337,0.11382682,1783,2864,"sa3008002"
"Alex McKenna","HOU","CF","AA","40",0.25770925,0.07488987,0.36917563,0.1119403,0.35230094365086323,120.65076723599746,0.11650485,1082,1751,"sa3008003"
"Joe Gray Jr.","MIL","CF","A+","40",0.26872247,0.13656388,0.2195122,0.13903744,0.2977104015582431,76.56128432247755,0.20086083,448,697,"sa3008005"
"Grant Little","SDP","2B","A+","40",0.15483871,0.10537634,0.31044776,0.05707196,0.3155766199312603,95.42631629300958,0.07030796,1059,1721,"sa3008031"
"Jordyn Adams","LAA","CF","A+","45+",0.23344371,0.11589404,0.33862434,0.11238095,0.34448349929803257,111.8112968646337,0.12394865,1389,2259,"sa3008032"
"Josh Breaux","NYY","C","A+","40",0.24242424,0.05757576,0.32258065,0.18892508,0.3507306467403065,122.75830844270511,0.20142602,770,1122,"sa3008051"
"Tristan Pompey","MIA","LF","AAA","40",0.27249357,0.13624679,0.3632287,0.08761329,0.3320598727372026,110.5109676101618,0.10964912,946,1596,"sa3008077"
"Carlos Cortes","NYM","LF","AA","40",0.15247253,0.09478022,0.28709056,0.13522012,0.3405714561926067,118.23423211770199,0.07412539,1736,2887,"sa3008079"
"Connor Scott","MIA","CF","A+","45",0.2363388,0.09016393,0.31392931,0.10229007,0.30737066227983645,91.24933129698653,0.14152851,1618,2473,"sa3008080"
"Osiris Johnson","MIA","CF","CPX","40",0.26633166,0.02512563,0.32592593,0.12765957,0.2995718052638835,82.61822664197196,0.25494505,356,455,"sa3008110"
"Malcom Nunez","STL","1B","AA","40",0.18009479,0.1042654,0.35611511,0.2109589,0.4262396344706096,154.50998362191197,0.15536481,732,1165,"sa3008113"
"Cadyn Grenier","BAL","SS","AA","40",0.29890454,0.11893584,0.34188034,0.13345521,0.33044460490579514,109.55040260214335,0.13477407,1580,2545,"sa3008140"
"Grant Koch","PIT","C","A+","35+",0.17857143,0.10150376,0.22493225,0.10425532,0.2786881570088661,76.07013009421208,0.08935743,1204,1992,"sa3008180"
"Michael Siani","CIN","CF","A+","45",0.19565217,0.08423913,0.3253493,0.08923077,0.3279865857987489,99.40683224901466,0.08752328,1709,2685,"sa3008182"
"Cole Roederer","CHC","CF","A+","45",0.24466338,0.11494253,0.29919137,0.15399239,0.33873582326719914,108.6273419593684,0.1553589,1279,2034,"sa3008184"
"Sean Guilbe","SDP","SS","A","35+",0.33076923,0.15641026,0.33879781,0.20186336,0.37116597558176795,124.76219010289597,0.23113965,759,1246,"sa3008185"
"Korry Howell","MIL","CF","A+","40",0.25991189,0.1123348,0.35869565,0.07070707,0.32814937579420816,102.01982566478938,0.16429056,947,1473,"sa3008238"
"Ezequiel Tovar","COL","SS","A","35+",0.20944559,0.09856263,0.3271028,0.07637231,0.32290688693274017,93.84105247678532,0.17503392,978,1474,"sa3008239"
"Bo Naylor","CLE","C","AA","45+",0.22297297,0.10810811,0.3060686,0.16666667,0.34669801663784755,114.08056983874532,0.11676647,1246,2004,"sa3008247"
"Charles Mack","MIN","2B","A","35+",0.23850575,0.09770115,0.28440367,0.13029316,0.31380531715728366,89.48300700001505,0.14,707,1100,"sa3008250"
"Luken Baker","STL","1B","AA","40",0.21617647,0.10441176,0.3258427,0.14451827,0.34886304909069865,121.87337893695461,0.11344853,1674,2662,"sa3008267"
"Bryce Bush","CHW","RF","CPX","35+",0.26039387,0.09846827,0.30935252,0.14179104,0.32227206073309245,97.32308297771749,0.14987406,1013,1588,"sa3008278"
"Michael Helman","MIN","2B","A+","35+",0.12340426,0.05531915,0.27419355,0.10672854,0.30541316875770913,90.07008576126124,0.10876321,1067,1609,"sa3008280"
"Brice Turang","MIL","SS","AA","50",0.17857143,0.15079365,0.324,0.0806962,0.34437297816928797,110.9531035400089,0.07135907,1816,3083,"sa3008294"
"Steele Walker","CHW","LF","AA","40+",0.16312057,0.08510638,0.29778672,0.15772358,0.34863335803980156,118.40824970557682,0.09607686,1603,2498,"sa3008306"
"Alan Mejia","NYY","CF","DSL","35+",0.25773196,0.12371134,0.30538922,0.16666667,0.3621109181436999,114.21513747973297,0.305026,407,577,"sa3008420"
"Nick Decker","BOS","RF","A","40+",0.2970297,0.10891089,0.33333333,0.22413793,0.36825421527402485,135.60735562517618,0.13867684,475,786,"sa3008590"
"Victor Victor Mesa","MIA","CF","A+","40",0.12723658,0.04373757,0.2691358,0.02801724,0.2525647692006044,59.12792604941569,0.07777133,1143,1723,"sa3008602"
"Lester Madden","OAK","RF","A+","35+",0.28095238,0.05238095,0.29779412,0.08439898,0.2651979443850551,63.88688651566879,0.15806045,1056,1588,"sa3008603"
"Diego Cartaya","LAD","C","A","45",0.20289855,0.07729469,0.33802817,0.15135135,0.3623816178040804,111.13486342322193,0.27762803,276,371,"sa3008742"
"Misael Urbina","MIN","CF","A","40",0.06451613,0.10599078,0.28994083,0.16393443,0.3987810730382248,129.31624664019736,0.12094395,221,339,"sa3008743"
"Gabriel Rodriguez","CLE","SS","A","40+",0.20164609,0.0781893,0.27950311,0.12980769,0.33219356473090716,91.79434499720846,0.32332564,319,433,"sa3008744"
"Noelvi Marte","SEA","SS","A","40+",0.18394649,0.09698997,0.35121951,0.20229007,0.4130725121019676,137.52815430884294,0.29111531,381,529,"sa3008745"
"Antonio Gomez","NYY","C","CPX","40",0.15789474,0.07017544,0.33333333,0.15384615,0.3793365191995052,125.99834135993547,0.22680412,72,97,"sa3008746"
"Jose De La Cruz","DET","RF","CPX","35+",0.29644269,0.07114625,0.41134752,0.24888889,0.43303658659496,148.99957686434598,0.43661972,384,497,"sa3008747"
"Alvin Guzman","ARI","CF","CPX","40+",0.24427481,0.0610687,0.29775281,0.08368201,0.2889485252267532,66.2061051340068,0.37908497,375,459,"sa3008748"
"Eduarqui Fernandez","MIL","CF","CPX","35+",0.32450331,0.09602649,0.28930818,0.15789474,0.32816694923584033,88.74113995002294,0.43966942,467,605,"sa3008749"
"Adinso Reyes","DET","3B","CPX","40",0.18959108,0.05204461,0.38624339,0.17768595,0.41771521808496165,140.19586836443722,0.34411085,355,433,"sa3008750"
"Eduardo Garcia","MIL","SS","CPX","40",0.225,0.15,0.40909091,0.15625,0.45268126726150515,160.28747468164582,0.34177215,52,79,"sa3008751"
"Kevin Alcantara","NYY","CF","CPX","45",0.20689655,0.04597701,0.32,0.10559006,0.3208922730095085,90.09789412757347,0.29351536,234,293,"sa3008752"
"Jose Rodriguez","TEX","C","A","35+",0.12977099,0.14885496,0.26775956,0.09433962,0.3506959715417323,101.68638991510173,0.22803347,300,478,"sa3008753"
"Alejandro Pie","TBR","SS","CPX","40",0.18181818,0.04347826,0.36111111,0.05333333,0.35306696516584113,103.04877061289478,0.31527094,321,406,"sa3008754"
"Luis Matos","SFG","CF","A","40+",0.10689655,0.06896552,0.39170507,0.19920319,0.47344571064258445,172.61452124311893,0.20935412,329,449,"sa3008756"
"Alexander Ramirez","LAA","RF","CPX","40",0.33333333,0.09039548,0.34782609,0.1948052,0.3628665047176814,108.679618117896,0.43333333,274,360,"sa3008757"
"Omar Florentino","KCR","SS","CPX","35+",0.19178082,0.14611872,0.28368794,0.10810811,0.341237108004258,96.25129596314844,0.26818182,276,440,"sa3008758"
"Angel Martinez","CLE","SS","A","40",0.11111111,0.11111111,0.34715026,0.12162162,0.40728811522708436,134.20442092947653,0.19545455,293,440,"sa3008762"
"Jonatan Clase","SEA","CF","CPX","35+",0.1958042,0.17832168,0.38690476,0.14349776,0.43023763511862073,147.39129018375345,0.25632378,350,593,"sa3008787"
"Jeferson Espinal","ARI","CF","CPX","40",0.2248996,0.09236948,0.45731707,0.09009009,0.4152204445016529,139.46786465917157,0.28880157,366,509,"sa3008793"
"Bryan Gonzalez","BOS","RF","CPX","40",0.26279863,0.10238908,0.32163743,0.18431373,0.37180713186525316,113.81693174377922,0.38188277,411,563,"sa3008805"
"Eduardo Vaughan","BOS","CF","CPX","35+",0.17596567,0.07296137,0.32335329,0.08133972,0.34077009070536185,95.98294629443488,0.29516539,299,393,"sa3008810"
"Wilmin Candelario","KCR","SS","CPX","40",0.29107981,0.10798122,0.45,0.19021739,0.42451346459842865,144.1021630649418,0.3962704,313,429,"sa3008834"
"Alex De Jesus","LAD","3B","A","40+",0.29875519,0.08298755,0.4,0.11059908,0.3476346995820643,102.33056651845567,0.35196687,373,483,"sa3008842"
"Alexander Vargas","NYY","SS","CPX","45",0.12903226,0.08294931,0.26666667,0.13989637,0.3311054338507938,96.47234565805627,0.20963173,258,353,"sa3008851"
"Brayan Buelvas","OAK","CF","A","40",0.2189781,0.10948905,0.36363636,0.16806722,0.3842138527509044,124.00272016324413,0.29791271,373,527,"sa3008868"
"Osvaldo Gavilan","PIT","CF","DSL","35+",0.15882353,0.05294118,0.22834646,0.11612903,0.2845726332243751,63.691703265082424,0.26618705,211,278,"sa3008873"
"Maikol Escotto","NYY","SS","A","40",0.26146789,0.14678899,0.42241379,0.23756906,0.46480378082820345,167.25311065977374,0.35357918,300,461,"sa3008878"
"Mauro Bonifacio","NYY","RF","DSL","35+",0.4010989,0.12087912,0.33766234,0.16339869,0.33643538807774637,93.49221197508136,0.48341232,303,422,"sa3008881"
"Alexander Mojica","PIT","1B","A","35+",0.1559633,0.16972477,0.39259259,0.22988506,0.4912758982843823,182.46407600581713,0.22273782,248,431,"sa3008889"
"Marcos Cabrera","NYY","3B","CPX","35+",0.19907407,0.14351852,0.33576642,0.17582418,0.399304802219073,129.61718314192532,0.25837321,273,418,"sa3008890"
"Charlis Aquino","SDP","SS","CPX","35+",0.1797235,0.0875576,0.31818182,0.078125,0.33293310194103803,91.74858048219363,0.26790451,275,377,"sa3008895"
"Freddy Valdez","NYM","RF","CPX","35+",0.18148148,0.11481481,0.31843575,0.17391305,0.3868609954801838,123.69699204244287,0.27346939,334,490,"sa3009190"
"Eduardo Lopez","BOS","CF","A","35+",0.15019763,0.15019763,0.30857143,0.10849057,0.3680547767948256,111.66081623708403,0.22993492,291,461,"sa3009275"
"Dayro Perez","NYY","SS","DSL","35+",0.28181818,0.05,0.3125,0.09313725,0.28486082228747284,63.85729764411708,0.38970588,334,408,"sa3009299"
"Benyamin Bailey","CHW","RF","CPX","35+",0.16460905,0.21399177,0.4,0.12972973,0.46185993559566546,165.56156755256387,0.22134387,280,506,"sa3009343"
"Austin Shenton","SEA","3B","AA","35+",0.19469027,0.0840708,0.34899329,0.21212121,0.4027443793084886,152.3070750513997,0.08574739,514,863,"sa3009869"
"Will Wilson","LAA","2B","AA","45",0.23039216,0.06862745,0.34306569,0.16402116,0.3392706574762569,101.48601494148494,0.13464236,462,713,"sa3009871"
"Tanner Morris","TOR","LF","A+","40",0.19047619,0.16666667,0.31318681,0.1,0.35790796491473204,119.10387951586462,0.07293497,645,1138,"sa3009873"
"Peyton Burdick","MIA","RF","AA","40",0.23003195,0.1086262,0.37912088,0.23461538,0.43299523358925796,172.5182189793895,0.12758621,706,1160,"sa3009876"
"Will Robertson","TOR","RF","CPX","40",0.18631179,0.11787072,0.31791908,0.13596491,0.3661187232220581,124.25918892674453,0.09319372,594,955,"sa3009879"
"Logan Driscoll","SDP","C","A","35+",0.14197531,0.09259259,0.29411765,0.19014085,0.3663938946929979,124.43196152832945,0.07082631,363,593,"sa3009882"
"Joseph Ortiz","BAL","SS","AA","35+",0.1622807,0.13157895,0.29299363,0.02564103,0.3063278148132088,96.35160647538807,0.03678161,531,870,"sa3009889"
"Aaron Schunk","COL","3B","A+","40+",0.13020833,0.07291667,0.32867133,0.19653179,0.3987361277404584,144.73876050567551,0.11349693,426,652,"sa3009957"
"Brenton Doyle","COL","CF","A+","35+",0.21860465,0.14418605,0.48412698,0.22777778,0.4741366477770226,185.30929926581751,0.1385902,508,837,"sa3009965"
"Aaron Bracho","CLE","LF","A+","40",0.17159763,0.16568047,0.29411765,0.28888889,0.4343228641720045,158.18534011285155,0.15942029,242,414,"sa3010018"
"Kody Hoese","LAD","3B","CPX","45",0.14619883,0.10526316,0.325,0.18367347,0.39616623503422876,139.73232803205133,0.0988806,340,536,"sa3010021"
"Marco Luciano","SFG","SS","A","55",0.20833333,0.14814815,0.352,0.26256983,0.4453510145346324,162.3153428445903,0.17533719,323,519,"sa3010022"
"Jairo Pomares","SFG","CF","A","40",0.18777293,0.04803493,0.39053254,0.14084507,0.38134504744059133,124.73942443532859,0.17107943,372,491,"sa3010023"
"Christian Cairo","CLE","2B","A","40",0.22346369,0.1396648,0.24299065,0.03424658,0.2862676608495872,67.31920243611393,0.22865014,231,363,"sa3010028"
"Korey Lee","HOU","C","AA","40+",0.18918919,0.10810811,0.32758621,0.10267857,0.34699882398783466,122.3995350529065,0.0993184,611,1027,"sa3010034"
"Brandon Lewis","LAD","3B","A+","35+",0.23770492,0.07786885,0.34899329,0.23744293,0.3933772797937746,136.80876521631677,0.15621437,565,877,"sa3010035"
"Yordys Valdes","CLE","SS","A","40",0.29281768,0.08839779,0.25,0.06790123,0.24502761936720524,43.05229312547284,0.38997214,277,359,"sa3010037"
"James Beard","CHW","CF","A","35+",0.39130435,0.05797101,0.35211268,0.09448818,0.27588851782527285,61.21179532788369,0.44333333,243,300,"sa3010038"
"Grant McCray","SFG","CF","CPX","35+",0.24545455,0.13636364,0.3740458,0.06486487,0.3529176115989685,106.53808418929766,0.27171492,312,449,"sa3010042"
"DJ Gladney","CHW","3B","A","35+",0.37272727,0.04545455,0.39130435,0.16417911,0.3370171381668611,97.18175638497068,0.5,383,446,"sa3010043"
"Matthew Barefoot","HOU","RF","A+","35+",0.21518987,0.10126582,0.2037037,0.0140845,0.21076521239703214,35.14811305503431,0.08974359,206,312,"sa3010145"
"Greg Jones","TBR","SS","A+","45",0.25688073,0.10091743,0.46666667,0.12565445,0.41087211545454255,163.30746844084487,0.1083151,573,914,"sa3010151"
"CJ Abrams","SDP","CF","AA","50",0.08484848,0.06666667,0.41481481,0.25333334,0.4838555989843426,184.28911057499013,0.16603774,200,265,"sa3010152"
"Cody Freeman","TEX","SS","A","35+",0.15231788,0.17218543,0.28571429,0.05,0.3436766562872375,101.10042175170616,0.2027027,176,296,"sa3010153"
"Darryl Collins","KCR","LF","A","40",0.14423077,0.10576923,0.38157895,0.1160221,0.395737628142039,131.73469943942436,0.17322835,268,381,"sa3010154"
"Joshua Mears","SDP","LF","A","35+",0.3025641,0.11794872,0.34313725,0.18674699,0.3693693689810924,116.21880443210406,0.36049383,294,405,"sa3010162"
"Dilan Rosario","SFG","SS","CPX","40",0.35820896,0.05472637,0.30973451,0.14973262,0.28215830094778716,64.90112863023842,0.41031941,353,407,"sa3010165"
"Jared Triolo","PIT","3B","A+","40",0.18560606,0.10227273,0.29032258,0.14957265,0.32739220502722355,109.84238880310939,0.12130802,599,948,"sa3010272"
"Grae Kessinger","HOU","SS","AA","40",0.14634146,0.11788618,0.26857143,0.07582938,0.3094488895330273,93.45776149857218,0.07232704,554,954,"sa3010327"
"Shea Langeliers","ATL","C","AA","45",0.23012552,0.07112971,0.32515337,0.08796296,0.30230191561966263,91.72179161897176,0.13112885,574,877,"sa3010329"
"Brady McConnell","KCR","SS","A","40",0.38202247,0.08426966,0.33333333,0.1875,0.30604481360333113,80.4547779862297,0.20147059,449,680,"sa3010331"
"Braden Shewmake","ATL","SS","AA","40+",0.14388489,0.08992806,0.34466019,0.12550607,0.36609317158623567,132.83485964044388,0.12486993,643,961,"sa3010332"
"Glenallen Hill Jr.","ARI","2B","A","35+",0.3480663,0.09392265,0.31578947,0.15625,0.30539129939344195,78.57213976478897,0.29302326,321,430,"sa3010335"
"Nick Quintana","DET","3B","A","40+",0.31538462,0.09615385,0.28666667,0.08620689,0.26639548139682606,67.02645207944973,0.13729309,631,1027,"sa3010390"
"Michael Toglia","COL","1B","A+","40+",0.25568182,0.15909091,0.29032258,0.23448276,0.3944281895052303,142.0339245216781,0.12674095,419,718,"sa3010393"
"Matt Gorski","PIT","RF","A+","35+",0.23762376,0.09405941,0.28244275,0.12290503,0.3058229422215188,96.02825858026644,0.11253197,498,782,"sa3010399"
"Andre Lipcius","DET","3B","AA","35+",0.20141343,0.09540636,0.34358974,0.08695652,0.3343625542119885,108.48769315581528,0.09762309,735,1178,"sa3010401"
"Jake Sanford","NYY","LF","A+","35+",0.3253012,0.0562249,0.33333333,0.17316017,0.32616358586857397,109.05551420267679,0.21367521,614,936,"sa3010585"
"Spencer Steer","MIN","2B","AA","35+",0.11148649,0.11486486,0.30697674,0.144,0.378812961884447,134.35176177701152,0.06927985,639,1097,"sa3010586"
"Ryan Kreidler","DET","3B","AA","40",0.23735409,0.07782101,0.30357143,0.11842105,0.3134777889177493,100.93083916682497,0.11651469,614,987,"sa3010587"
"Bryant Packard","DET","LF","A+","35+",0.24050633,0.13291139,0.38947368,0.12592592,0.384368785951711,142.60567250925953,0.10422961,392,662,"sa3010590"
"Corbin Carroll","ARI","CF","A+","45+",0.22043011,0.15591398,0.38938053,0.18831169,0.41342312967455064,145.56965617546993,0.14059406,315,505,"sa3010593"
"Michael Harris II","ATL","RF","A+","40",0.19811321,0.08490566,0.34459459,0.11518325,0.3496999077077182,113.71255985022405,0.18063315,376,537,"sa3010684"
"Orelvis Martinez","TOR","SS","A","40",0.17791411,0.08588957,0.2962963,0.27464788,0.41443982499617116,149.6975760353606,0.23024055,208,291,"sa3010692"
"Riley Greene","DET","RF","AA","50",0.25099602,0.0876494,0.3525641,0.13122172,0.35393198885290744,121.1780211664195,0.13574661,560,884,"sa3010694"
"Nasim Nunez","MIA","SS","A","45",0.21238938,0.15486726,0.26618705,0.03783784,0.29526969162337985,76.61376181552619,0.16595745,294,470,"sa3010695"
"Colin Barber","HOU","CF","A+","40",0.24369748,0.15966387,0.35294118,0.13131313,0.38296319657013195,130.46059377934492,0.19834711,160,242,"sa3010696"
"Sammy Siani","PIT","CF","A","40+",0.25,0.15853659,0.34042553,0.06766918,0.34462239320685223,107.02856211452256,0.24850299,220,334,"sa3010704"
"Keoni Cavaco","MIN","3B","A","45",0.38043478,0.04347826,0.2745098,0.08045977,0.22999431257662567,36.973462080345215,0.45901639,162,183,"sa3010706"
"Tre Fletcher","STL","CF","CPX","40+",0.43428571,0.06285714,0.42168675,0.13125,0.30666601044791086,85.33799981868657,0.2347973,422,592,"sa3010709"
"Vaughn Grissom","ATL","3B","A","40",0.14673913,0.08695652,0.32330827,0.1125,0.3662976511840612,120.2754241182432,0.19471947,222,303,"sa3010711"
"Jack Kenley","DET","2B","-1","40",0.29651163,0.08139535,0.29347826,0.14482759,0.31957887964589254,97.50262196911262,0.15830721,409,638,"sa3010718"
"Stephen Paolini","ATL","CF","A","35+",0.25874126,0.15384615,0.27380952,0.05,0.28899905856672703,73.03428906184297,0.26712329,196,292,"sa3010720"
"Chase Strumpf","CHC","2B","AA","40",0.24561404,0.13450292,0.31578947,0.15555556,0.36869330643213283,124.40486814609574,0.12044374,369,631,"sa3010845"
"Maverick Handley","BAL","C","A+","40",0.35877863,0.08396947,0.33823529,0.03508772,0.2691640612733273,72.5499153562191,0.12681159,349,552,"sa3010848"
"Francisco Alvarez","NYM","C","A+","40+",0.2032967,0.11538462,0.37168142,0.19745223,0.42025255076177825,155.05056304605108,0.10971787,394,638,"sa3010862"
"Junior Sanquintin","CLE","SS","CPX","40+",0.24401914,0.07655502,0.32352941,0.12169312,0.3351990295369089,92.78179631033164,0.38020833,299,384,"sa3010863"
"Anthony Volpe","NYY","SS","A+","45",0.25333333,0.15333333,0.28915663,0.14049587,0.3330914494175239,102.07171724449353,0.07642276,361,615,"sa3010868"
"Brett Baty","NYM","3B","AA","45+",0.28508772,0.15350877,0.31896552,0.21808511,0.37818215159993424,130.51087948710662,0.15765766,526,888,"sa3010869"
"Hudson Head","SDP","CF","A","40",0.20567376,0.10638298,0.36263736,0.13333334,0.3745769742581484,119.28311960836113,0.2267658,192,269,"sa3010889"
"Will Holland","MIN","2B","A","40",0.30344828,0.09655172,0.22972973,0.184,0.31250477623608375,89.45304379754846,0.15292096,368,582,"sa3011204"
"Bobby Witt Jr.","KCR","SS","AAA","55",0.19444444,0.07222222,0.32307692,0.09146342,0.3168217890792423,85.29819159720614,0.25617284,248,324,"sa3011225"
"Drew Mendoza","WSN","3B","A+","40",0.23849372,0.14225941,0.34751773,0.11940299,0.35761706175664476,127.77800533648474,0.13461538,548,988,"sa3011256"
"Tyler Fitzgerald","SFG","SS","A+","40",0.19158879,0.11214953,0.34482759,0.11891891,0.3528307296757428,117.87956264086637,0.0929368,489,807,"sa3011257"
"Zach Watson","BAL","CF","AA","35+",0.23255814,0.07751938,0.25609756,0.20689655,0.33432293954745745,113.40030558453311,0.14226804,309,485,"sa3011258"
"Logan Wyatt","SFG","1B","A+","35+",0.15846995,0.1420765,0.31967213,0.09933774,0.36577473149273565,125.6279361185737,0.04420732,362,656,"sa3011259"
"Thomas Dillard","MIL","1B","A+","40",0.22553191,0.18723404,0.30769231,0.15873016,0.38031619990125615,136.75054028733334,0.11182109,533,939,"sa3011308"
"Jeremy De La Rosa","WSN","RF","A","35+",0.29292929,0.12121212,0.32075472,0.13414634,0.3458514117231273,107.77967837354154,0.26960784,147,204,"sa3011329"
"Philip Clarke","TOR","C","A+","35+",0.13173653,0.1257485,0.29166667,0.07638889,0.3388107108498762,107.11323871053587,0.09866221,362,598,"sa3011379"
"Hunter Bishop","SFG","CF","A+","45+",0.26712329,0.26027397,0.30645161,0.2,0.41517990786453773,152.14925579709,0.13321168,288,548,"sa3011413"
"Andrew Daschbach","BAL","RF","A+","35+",0.24867725,0.13227513,0.2962963,0.10759493,0.3324291268561749,113.0683077737388,0.14423077,433,728,"sa3011414"
"Bryson Stott","PHI","SS","AA","45+",0.20207254,0.12435233,0.3553719,0.19879518,0.4124419342784981,162.43359757665405,0.09222661,471,759,"sa3011443"
"Jamari Baylor","PHI","SS","CPX","40",0.16666667,0.08333333,0.33333333,0.18181818,0.37155191600322723,123.48657487195887,0.3,15,20,"sa3011446"
"Cameron Cannon","BOS","3B","A+","40+",0.22105263,0.06315789,0.248,0.12352941,0.29506090691215114,88.66702950049763,0.11746522,442,647,"sa3011467"
"Josh Jung","TEX","3B","AA","45+",0.16161616,0.09090909,0.37323944,0.12643679,0.38092043859704494,139.0266417825744,0.10943912,461,731,"sa3011468"
"Gunnar Henderson","BAL","3B","A+","40+",0.23140496,0.09090909,0.3375,0.11111111,0.3384806282264142,103.27501448705286,0.21621622,166,222,"sa3011484"
"Ethan Hearn","CHC","C","A","40",0.36734694,0.13265306,0.24444444,0.1125,0.2776393446387077,62.24203569557131,0.41704036,159,223,"sa3011502"
"Michael Busch","LAD","1B","AA","45",0.14285714,0.2,0.15,0,0.2952920777457101,80.70460023701321,0.10526316,60,114,"sa3011540"
"JJ Bleday","MIA","RF","AA","50",0.19205298,0.07284768,0.30555556,0.12142857,0.32152994934296764,106.53564083304516,0.08557047,377,596,"sa3011642"
"Adley Rutschman","BAL","C","AA","60",0.17419355,0.12903226,0.28431373,0.16923077,0.3587784354203667,127.31974737026697,0.06259542,380,655,"sa3011643"
"Kameron Misner","MIA","RF","A+","45",0.21428571,0.15306122,0.35,0.09202454,0.3641818707086602,125.92735986244732,0.1138546,437,729,"sa3011656"
"Jordan Brewer","HOU","CF","A","40",0.10714286,0.03571429,0.12765957,0.05555556,0.1678732250417982,7.677749131190606,0.09248555,110,173,"sa3011737"
"Kyren Paris","LAA","SS","A","40+",0.30769231,0.23076923,0.5,0.1,0.4244731343709506,148.64355545864686,0.1,18,30,"sa3011768"
"Davis Wendzel","TEX","3B","AA","40+",0.25,0.20833333,0.41666667,0.21052632,0.45521560311317444,171.07322509042964,0.16666667,43,78,"sa3011890"
"Esteban Quiroz","SDP","2B","AAA","40",0.20841683,0.14228457,0.30313589,0.2669903,0.3951378370965681,132.29581096875054,0.09476802,1173,2026,"sa596560"
"Trent Giambrone","CHC","2B","AAA","40",0.23554604,0.09421842,0.28671329,0.20627262,0.3365160319067183,100.12410070699521,0.12172924,2191,3516,"sa658813"
"Ray-Patrick Didder","ATL","SS","AA","35+",0.27659574,0.11229314,0.31027254,0.08811189,0.3053714458933888,91.03853432787638,0.12626108,1979,3271,"sa736824"
"Jose Siri","CIN","CF","AAA","45",0.31101512,0.07559395,0.32835821,0.15952381,0.3145480165652421,95.55917490086,0.18751806,2284,3461,"sa736940"
"Michael Beltre","CIN","CF","AA","35+",0.20372836,0.13981358,0.33333333,0.10776545,0.34825181454982396,118.90689883780105,0.09355932,1731,2950,"sa736945"
"Luis Liberato","SEA","CF","AAA","35+",0.1969112,0.08880309,0.29904762,0.14595375,0.32399501439485473,97.50195861341376,0.10956036,1803,2866,"sa737020"
"Ryan Boldt","TBR","LF","AAA","35+",0.21245421,0.08791209,0.32960894,0.18672199,0.36158477449241805,127.23586957367743,0.09156845,698,1103,"sa738262"
"Cody Thomas","LAD","RF","AAA","35+",0.28165138,0.08623853,0.33491311,0.20966085,0.3538288554541007,117.90046780774388,0.13719785,2847,4468,"sa738459"
"Buddy Reed","SDP","CF","AAA","40",0.27885598,0.07967314,0.33049404,0.16228571,0.3232974996251508,97.5594783481015,0.15595335,2382,3687,"sa738683"
"Osvaldo Duarte","HOU","SS","AA","35+",0.26065891,0.07170543,0.33636364,0.13347458,0.3214649238632721,97.80410694862847,0.16322148,2439,3725,"sa828299"
"Telmito Agustin","WSN","LF","-1","40",0.22911051,0.07412399,0.31097561,0.13153961,0.3204609270652999,98.98499759888234,0.15528882,1774,2666,"sa828321"
"Wadye Ynfante","STL","CF","-1","35+",0.30981595,0.0690184,0.30687831,0.08047945,0.28056422512285906,75.14308123100966,0.20654912,1573,2382,"sa828382"
"Yohel Pozo","TEX","C","AAA","40",0.09954751,0.04751131,0.26272352,0.13001215,0.308142138484916,93.8516592670072,0.06722107,1988,2886,"sa828445"
"Marcus Wilson","BOS","CF","AAA","40",0.29883844,0.10031679,0.34086629,0.17527011,0.3426905685392579,113.38885102154335,0.11974623,2304,3783,"sa828703"
"D.J. Burt","KCR","2B","AA","35+",0.20971867,0.11253197,0.33069307,0.08545728,0.3223687143969505,98.16963427235943,0.09260563,1789,2840,"sa828876"
"Will Toffey","NYM","3B","AAA","40",0.25547445,0.15912409,0.31233596,0.14462081,0.3423845621363136,115.46146554198697,0.12200209,1689,2877,"sa829401"
"Dom Thompson-Williams","SEA","LF","AA","40",0.28411633,0.07606264,0.34038462,0.19875,0.3531641892641614,120.54925457506059,0.16053707,2188,3426,"sa829483"
"J.J. Matijevic","HOU","1B","AAA","35+",0.28010471,0.09554974,0.33560091,0.23020528,0.37264513336659105,131.76202529580794,0.14382022,1977,3115,"sa829488"
"Jeren Kendall","LAD","CF","AA","40+",0.33664459,0.11368653,0.30434783,0.18987341,0.3209760475211439,94.63006551240973,0.16575224,2174,3463,"sa829529"
"Tristan Gray","TBR","2B","AAA","35+",0.20686176,0.10090817,0.2659409,0.1822376,0.33381742571141826,110.00920825444781,0.12556291,2356,3775,"sa829756"
"Bryson Brigman","MIA","2B","AAA","35+",0.15120968,0.08669355,0.33652531,0.07945516,0.3323539835026645,106.3671477271542,0.07216201,2178,3506,"sa829857"
"Micker Adolfo","CHW","RF","AAA","40+",0.30470348,0.11247444,0.37547893,0.16945107,0.36864489792314775,127.3324831651451,0.18855219,1116,1782,"sa830303"
"Mitchell Tolman","PIT","2B","AAA","40",0.23469388,0.11352041,0.33539095,0.10385757,0.32842050042084897,108.6306368131321,0.11013492,1955,3187,"sa858829"
"Daniel Diaz","BOS","3B","R","40",0.1796875,0.09375,0.23255814,0.10909091,0.31089562363922596,85.62753732328031,0.29310345,160,232,"sa872405"
"Edwin Yon","CIN","RF","A","35+",0.39072848,0.08940397,0.43243243,0.16788321,0.3460987545796578,104.96316130609948,0.25048924,660,1022,"sa872464"
"Kevin Vicuna","TOR","SS","AA","35+",0.16449704,0.05680473,0.31181102,0.08516129,0.30646915218141596,92.7835523042701,0.11768754,1968,2906,"sa872466"
"Yonny Hernandez","TEX","SS","AAA","40",0.14373717,0.14373717,0.33026114,0.05209657,0.34606750929305535,118.23135265024793,0.04314452,2281,3778,"sa872473"
"Elehuris Montero","STL","3B","AA","40+",0.22831633,0.06760204,0.33461538,0.16736401,0.3502915301133909,117.82199726040002,0.16366366,1787,2664,"sa872477"
"Marino Campana","BOS","RF","-1","35+",0.30683403,0.06694561,0.29854369,0.18195719,0.3145715302538236,100.26176345663217,0.21853806,1788,2654,"sa872486"
"Mariel Bautista","CIN","CF","A+","40",0.17467249,0.06695779,0.30864198,0.13843648,0.34027448718565223,104.73177128166246,0.1471343,1530,2338,"sa872535"
"Chris Torres","MIA","SS","A","35+",0.27105666,0.15467075,0.33967391,0.08561021,0.3293934632664078,106.20168505981914,0.11489206,1575,2733,"sa872538"
"Leonardo Rivas","LAA","2B","AA","40",0.25490196,0.14270153,0.31578947,0.11354839,0.3260952170219338,100.309334913886,0.0941146,2269,3857,"sa872542"
"Pablo Olivares","NYY","CF","A+","40",0.15135135,0.09054054,0.32629559,0.0799373,0.34338279443533243,120.02096828105506,0.09132075,1658,2650,"sa872547"
"Pedro Gonzalez","TEX","CF","A+","40",0.28795181,0.08072289,0.3035343,0.20694259,0.3398195817185829,116.42854281307608,0.16464194,1999,3128,"sa872568"
"Lucas Erceg","MIL","3B","AA","40",0.20131291,0.08862144,0.26829268,0.15365854,0.30798764521936944,82.76316119729252,0.1114884,2205,3534,"sa872722"
"Daniel Brito","PHI","2B","AA","40",0.18417946,0.06493506,0.29672131,0.08650066,0.2941314070207691,86.713852819995,0.10253938,2028,3111,"sa872732"
"C.J. Chatham","BOS","SS","AAA","40",0.18423855,0.04898829,0.36842105,0.09278351,0.33507379487444044,110.10137969881058,0.13756614,2160,3213,"sa873984"
"Vince Fernandez","COL","LF","AA","40",0.33858268,0.12204724,0.36768802,0.27411945,0.3917503561923113,145.87063541166225,0.18872384,1794,2962,"sa873990"
"Stephen Alemais","PIT","SS","AA","40",0.15324165,0.08840864,0.32712766,0.06040269,0.3125165260718492,92.57129558904734,0.0673026,1198,1887,"sa874070"
"Garrett Whitley","TBR","CF","AA","40+",0.37129841,0.14123007,0.37,0.18598383,0.34972140418037395,125.59077601416766,0.16356674,1110,1828,"sa874244"
"Chris Betts","TBR","C","AA","40",0.25322997,0.12919897,0.26879271,0.18569254,0.3471704986618032,117.35292402473524,0.14424635,1853,3085,"sa874791"
"Desmond Lindsay","NYM","CF","-1","40+",0.28878282,0.11217184,0.31404959,0.10136987,0.30354080791974125,88.46357343588059,0.12986198,988,1594,"sa874792"
"Jalen Miller","SFG","2B","AA","40",0.20561594,0.06884058,0.29287599,0.13772455,0.309461316488085,92.72204407446529,0.13230769,2573,3900,"sa875016"
"Brendon Davis","TEX","3B","AA","40",0.25231481,0.10185185,0.3071161,0.09175532,0.30156312607722,84.61013594737786,0.13009592,2099,3336,"sa875089"
"Moises Gomez","TBR","RF","CPX","45",0.29950249,0.08159204,0.32874355,0.20355951,0.34613882306803495,118.68661697640391,0.16595851,2566,4001,"sa875163"
"Brad Zunica","SDP","1B","-1","35+",0.28340517,0.10237069,0.3110687,0.18918919,0.33824320777961037,107.53776148970834,0.15421687,2314,3735,"sa875647"
"James Nelson","MIA","3B","A+","35+",0.21438451,0.05947441,0.27647059,0.06807867,0.26473459361328017,66.28933384741725,0.11940299,1777,2613,"sa875753"
"Dwanya Williams-Sutton","SDP","RF","AA","35+",0.250501,0.13627255,0.32061069,0.13417721,0.371174643656056,131.73318687752052,0.08614232,1238,2136,"sa875819"
"Griffin Conine","TOR","RF","AA","40",0.32367973,0.0988075,0.36092715,0.24903475,0.3892769965611092,142.78672732869046,0.18123667,1450,2345,"sa876060"
"Bren Spillane","CIN","1B","A+","35+",0.42154567,0.13583138,0.39884393,0.15235457,0.3291890006906846,97.17387858527121,0.20335196,1102,1790,"sa876159"
"Ford Proctor","TBR","SS","AA","35+",0.17412935,0.12562189,0.33576642,0.10218978,0.3560097736769236,123.3559641194109,0.07502374,1889,3159,"sa876187"
"Jeremy Pena","HOU","SS","AAA","40",0.17301587,0.1031746,0.34482759,0.11743119,0.3671096064896576,130.73559473575938,0.10840802,1440,2343,"sa876320"
"Arquimedes Gamboa","PHI","SS","AA","40",0.24291939,0.12200436,0.27385159,0.07215189,0.27854214777145636,74.88598156971943,0.10969116,2330,3756,"sa877497"
"Rodolfo Duran","PHI","C","AA","40",0.22030981,0.05163511,0.28535354,0.18933823,0.3281789456975871,109.79257706419494,0.09854528,1385,2131,"sa877500"
"Juan Yepez","STL","1B","AAA","40",0.20064205,0.07704655,0.32167832,0.13879004,0.3397593257888671,112.99792770049972,0.11790585,1500,2273,"sa877505"
"Dermis Garcia","NYY","1B","AA","35+",0.32727273,0.08333333,0.32011331,0.22184874,0.34796335782194354,123.28015834953408,0.17358203,1630,2627,"sa881025"
"Ronaldo Hernandez","TBR","C","AA","50",0.15296804,0.05479452,0.29076923,0.1716792,0.34675604111823294,119.10160084905932,0.11218698,1990,2995,"sa881850"
"Yusniel Diaz","BAL","RF","AAA","50",0.18346253,0.12273902,0.31960784,0.18032787,0.37187813423149324,135.1520212902055,0.10578842,1775,3006,"sa912848"
"Lucius Fox","TBR","SS","AAA","45",0.20219124,0.10856574,0.31259484,0.08816705,0.31946863409262805,99.43957080901569,0.08757584,2313,3791,"sa914200"
"Omar Estevez","LAD","2B","AAA","45",0.23101604,0.08342246,0.35130719,0.16306955,0.34891261642140553,113.84093518265546,0.13941019,2183,3357,"sa914242"
"Brett Cumberland","BAL","C","AAA","40",0.2328125,0.1375,0.29050279,0.16443595,0.35853541912716647,126.74890128609783,0.10403727,1554,2576,"sa915611"
"Nick Dunn","STL","2B","AA","40",0.12716763,0.06791908,0.27859779,0.09697934,0.30559143808998807,93.8264695659755,0.05983607,1610,2440,"sa915613"
"Kevin Merrell","KCR","2B","AA","35+",0.21498771,0.05651106,0.33506045,0.08255659,0.29494273581119795,79.30508796199156,0.09821429,1884,2912,"sa915707"
"Brian Miller","MIA","CF","AAA","40",0.1389414,0.06521739,0.3276699,0.07342295,0.31662916635212146,98.44962484940434,0.07848761,2462,3835,"sa915826"
"Kevin Smith","TOR","SS","AAA","40",0.26078619,0.06615532,0.31627907,0.21091291,0.35325015532947457,124.14769560104025,0.1508016,2629,3992,"sa915864"
"Ricardo Genoves","SFG","C","A+","40",0.19047619,0.07380952,0.29824561,0.13941019,0.33798221941495,108.63217163807403,0.13601128,920,1419,"sa916844"
"Oswaldo Cabrera","NYY","2B","AA","40",0.16781158,0.05986261,0.28120894,0.10374331,0.2925468024702855,86.44002775332899,0.10011093,2338,3606,"sa916954"
"Esteury Ruiz","SDP","2B","AA","45",0.27720504,0.07331042,0.33333333,0.13624679,0.3201330583781108,96.63268998656758,0.16018663,2139,3215,"sa917030"
"Seuly Matias","KCR","RF","A+","40+",0.38358459,0.08207705,0.2659176,0.26185958,0.33421696945398793,111.48917260431237,0.2455595,1472,2252,"sa917039"
"Miguel Hernandez","CIN","SS","A+","40",0.17828418,0.05495979,0.30685921,0.09302326,0.30112963801183884,81.17250222710713,0.14542344,1595,2338,"sa917055"
"Yeison Coca","MIL","2B","A+","35+",0.26485149,0.07425743,0.31620553,0.1160221,0.2959845552854381,77.65279081772545,0.14830072,1949,2913,"sa917075"
"Antonio Pinero","MIL","SS","CPX","35+",0.22580645,0.03870968,0.3030303,0.10730594,0.2805640146882965,69.35616567716968,0.11104257,1100,1621,"sa917079"
"Roberto Alvarez","TBR","C","CPX","35+",0.14751286,0.04288165,0.31154684,0.08791209,0.3118671281231228,88.38297447730388,0.12800875,1297,1828,"sa917107"
"Shervyen Newton","NYM","SS","A","45",0.32365747,0.12046444,0.34444444,0.13752122,0.3276914946331287,98.95737853117653,0.15400844,1747,2844,"sa917119"
"Jonathan Guzman","PHI","SS","A+","35+",0.20439845,0.05433376,0.29464286,0.06406685,0.2720457899834684,71.84287961958286,0.11463047,1849,2652,"sa917127"
"Eguy Rosario","SDP","2B","AA","40",0.22017459,0.07468477,0.32091691,0.1276824,0.3171384714710678,92.26432730304082,0.1495524,2458,3798,"sa917140"
"Wander Javier","MIN","SS","A+","45",0.33918129,0.10233918,0.24277457,0.14666666,0.2895111832005239,79.56528137566777,0.17256971,844,1327,"sa917168"
"Eduardo Diaz","ARI","CF","A+","40",0.21538462,0.05692308,0.33408072,0.13996628,0.3387158920551524,109.49060324013828,0.14608234,1528,2259,"sa917182"
"Enmanuel Valdez","HOU","2B","A+","35+",0.20769231,0.08,0.28246014,0.15358362,0.32713117814394654,104.6829563481793,0.11744387,1469,2316,"sa917288"
"Jonathan Sierra","CHC","RF","A","40",0.18047337,0.06360947,0.296,0.09149278,0.29607032800994215,82.79845786889103,0.11312027,1533,2378,"sa917303"
"Oneil Cruz","PIT","CF","AA","55",0.23673469,0.07891156,0.360587,0.19190405,0.3696440344143827,137.43085090076463,0.13413715,1732,2654,"sa917318"
"Carlos Rincon","LAD","RF","AA","40",0.27888889,0.10888889,0.29778672,0.20588236,0.3493270789633361,115.77130612478143,0.16996274,2186,3489,"sa917319"
"Leonel Valera","LAD","SS","A+","35+",0.27728614,0.09587021,0.3535109,0.08264463,0.3189688003168697,96.34467404844337,0.15351812,1511,2345,"sa917320"
"Jose Fermin","CLE","SS","AA","40",0.08638743,0.10602094,0.30729167,0.0931677,0.3622939122870644,127.56674181395864,0.03741746,1642,2726,"sa917339"
"Osmy Gregorio","TBR","SS","-1","35+",0.22940226,0.08239095,0.26419753,0.10526316,0.28759764311186115,73.82751584739194,0.13339686,1346,2099,"sa917348"
"Aramis Ademan","CHC","SS","CPX","50",0.21395881,0.09839817,0.27256637,0.0883905,0.2898361380690726,77.67300279451133,0.10032944,2108,3339,"sa917352"
"Miguel Amaya","CHC","C","AA","50",0.1799775,0.11698538,0.28055077,0.15629139,0.3494164716469217,117.89260345442977,0.10877092,2136,3466,"sa917354"
"Simon Muzziotti","PHI","CF","A+","45",0.12817259,0.06091371,0.30979133,0.07586207,0.30695402468602684,96.16482867207814,0.07663269,1826,2649,"sa917376"
"Lolo Sanchez","PIT","CF","A+","40+",0.14571746,0.08453838,0.28773585,0.10169491,0.3183576206479754,102.56989317774598,0.06262042,1956,3114,"sa917767"
"Josh Lowe","TBR","CF","AAA","45+",0.25564682,0.10882957,0.31669535,0.15820543,0.33920452168568427,113.863435706165,0.12694878,2533,4041,"sa917926"
"Will Benson","CLE","RF","AA","40+",0.29705882,0.14705882,0.25486381,0.20705883,0.34289496004816117,113.11439851042718,0.1437799,2443,4180,"sa917927"
"Blake Rutherford","CHW","LF","AAA","45",0.21509824,0.07342296,0.34724292,0.12203389,0.33521767277831477,108.94578156161886,0.14994266,2287,3488,"sa917932"
"Delvin Perez","STL","SS","AA","40",0.22064516,0.07096774,0.32824427,0.05738881,0.3017986140941237,88.54853653963208,0.11176688,1747,2711,"sa917935"
"Hudson Potts","SDP","3B","AA","50",0.27517448,0.07876371,0.319933,0.18895028,0.33783128914180455,106.72201609771435,0.14571278,2401,3802,"sa917936"
"Nolan Jones","CLE","3B","AAA","50",0.26470588,0.17552182,0.37090909,0.17619603,0.39831565201509134,151.9036944615063,0.09423503,2578,4510,"sa917941"
"Jose Miranda","MIN","2B","AAA","45",0.11207729,0.0531401,0.27017115,0.13607595,0.32537393829096917,104.92809059498332,0.09219653,2248,3460,"sa917952"
"Colton Welker","COL","1B","AA","45",0.18936877,0.08194906,0.34444444,0.15613383,0.3558710707204132,122.792955336119,0.10683118,2085,3323,"sa917962"
"Thomas Jones","MIA","CF","A+","40",0.30968468,0.06306306,0.32525253,0.1318822,0.3098312288693019,94.60850326559341,0.15154185,2215,3405,"sa917968"
"Conner Capel","STL","CF","AAA","40",0.21145374,0.08810573,0.30706076,0.12839506,0.32077736468642887,96.9555436163049,0.12281758,2125,3322,"sa918012"
"Payton Henry","MIL","C","AAA","40",0.3053961,0.07347876,0.3285124,0.14993481,0.330840342544165,105.77697725436268,0.17486503,2143,3334,"sa918019"
"Samad Taylor","TOR","2B","AA","40",0.22538293,0.11597374,0.27865961,0.15404364,0.32494112542979625,104.19891448549477,0.1148444,2228,3631,"sa918192"
"Josh Stephen","PHI","LF","AA","35+",0.24459459,0.07837838,0.32780083,0.16272189,0.3312820131539652,113.84167788583557,0.10923754,1762,2728,"sa918203"
"Logan Davidson","OAK","SS","AA","45",0.23109244,0.1302521,0.30821918,0.09268293,0.33061179293303933,111.90438818600283,0.10594595,567,925,"sa918676"
"Matt Wallner","MIN","RF","A+","40+",0.27491409,0.08247423,0.34756098,0.19444444,0.37163167782255874,126.93530045374202,0.16492891,669,1055,"sa918808"
"John Rave","KCR","CF","A+","35+",0.28089888,0.1011236,0.33116883,0.08658009,0.30794531558499194,93.13574845663888,0.11410602,690,1113,"sa918890"
"Chavez Young","TOR","CF","AA","40",0.20507614,0.09441624,0.33081571,0.13547646,0.3432733732577844,116.55524481548397,0.10526316,2435,3914,"sa918963"
"Gabriel Maciel","MIN","CF","A+","40",0.15438596,0.09239766,0.33173077,0.07519789,0.33585316349000405,110.45457971022125,0.07902829,2072,3252,"sa919532"
"Jhailyn Ortiz","PHI","1B","A+","40",0.31866953,0.07618026,0.2815534,0.16646706,0.3037975156473678,93.83964088391934,0.18945869,2271,3510,"sa920180"
"JC Encarnacion","BAL","3B","-1","40",0.28822314,0.04545455,0.34577922,0.14144737,0.31219701268411326,98.47295838417173,0.18915802,2405,3468,"sa921562"
"Luis Santana","HOU","2B","A+","40+",0.11336032,0.0951417,0.33242507,0.09624414,0.37477718565145485,126.07140278363933,0.07451212,1028,1691,"sa921577"
"Jefrey Ramos","ATL","LF","AA","35+",0.18781219,0.05694306,0.2780083,0.14531754,0.3080694803595543,96.61143110690155,0.12481112,2175,3309,"sa923039"
"Jonathan Lopez","CLE","3B","A+","35+",0.22962963,0.12222222,0.31137725,0.05240174,0.31242580867525355,92.69169965197577,0.16942149,482,726,"sa924293"
"TJ Friedl","CIN","CF","AAA","40",0.17878427,0.11323004,0.3255814,0.11608391,0.35250423204399156,121.80320718850207,0.0910523,1913,3174,"sa943754"
"Jerar Encarnacion","MIA","RF","AA","40",0.27431421,0.06109726,0.34645669,0.14228188,0.33170336313331233,109.60238278586469,0.16991925,2006,2972,"sa943817"
"Yasel Antuna","WSN","3B","A+","40",0.21621622,0.09189189,0.26720648,0.1094225,0.2855015678134391,80.76064555023612,0.10432191,844,1342,"sa962601"
"Kevin Maitan","LAA","3B","CPX","40",0.28186275,0.07107843,0.298,0.12299465,0.29513941813100336,77.62600509593855,0.18617201,1951,2965,"sa969045"
"Lazaro Armenteros","OAK","LF","A+","40+",0.38952164,0.12414579,0.40932642,0.15845539,0.3478149115155741,114.31900856909081,0.165722,2221,3705,"sa969091"